level,zone_or_choice,purpose,advice,level_design_goal
1,Choose a people and finish the eight origin quests,Origin district; safe tutorial quests; first racial clue,"Finish all golden main-story quest markers; fill gaps with optional community or profession content, not grind-only requirements.",Suggested; XP tables require gameplay balance tests in Spawn.
2,Choose a people and finish the eight origin quests,Origin district; safe tutorial quests; first racial clue,"Finish all golden main-story quest markers; fill gaps with optional community or profession content, not grind-only requirements.",Suggested; XP tables require gameplay balance tests in Spawn.
3,Choose a people and finish the eight origin quests,Origin district; safe tutorial quests; first racial clue,"Finish all golden main-story quest markers; fill gaps with optional community or profession content, not grind-only requirements.",Suggested; XP tables require gameplay balance tests in Spawn.
4,Choose a people and finish the eight origin quests,Origin district; safe tutorial quests; first racial clue,"Finish all golden main-story quest markers; fill gaps with optional community or profession content, not grind-only requirements.",Suggested; XP tables require gameplay balance tests in Spawn.
5,Choose a people and finish the eight origin quests,Origin district; safe tutorial quests; first racial clue,"Finish all golden main-story quest markers; fill gaps with optional community or profession content, not grind-only requirements.",Suggested; XP tables require gameplay balance tests in Spawn.
6,Lantern's Reach,Q001–Q008; basic gathering/crafting and first story clues,"Finish all golden main-story quest markers; fill gaps with optional community or profession content, not grind-only requirements.",Suggested; XP tables require gameplay balance tests in Spawn.
7,Lantern's Reach,Q001–Q008; basic gathering/crafting and first story clues,"Finish all golden main-story quest markers; fill gaps with optional community or profession content, not grind-only requirements.",Suggested; XP tables require gameplay balance tests in Spawn.
8,Lantern's Reach,Q001–Q008; basic gathering/crafting and first story clues,"Finish all golden main-story quest markers; fill gaps with optional community or profession content, not grind-only requirements.",Suggested; XP tables require gameplay balance tests in Spawn.
9,Lantern's Reach,Q001–Q008; basic gathering/crafting and first story clues,"Finish all golden main-story quest markers; fill gaps with optional community or profession content, not grind-only requirements.",Suggested; XP tables require gameplay balance tests in Spawn.
10,Lantern's Reach,Q001–Q008; basic gathering/crafting and first story clues,"Finish all golden main-story quest markers; fill gaps with optional community or profession content, not grind-only requirements.",Suggested; XP tables require gameplay balance tests in Spawn.
11,Lantern's Reach,Q001–Q008; basic gathering/crafting and first story clues,"Finish all golden main-story quest markers; fill gaps with optional community or profession content, not grind-only requirements.",Suggested; XP tables require gameplay balance tests in Spawn.
12,Emberstone Quarry,"Mine, union, seal; Kharic testimony","Finish all golden main-story quest markers; fill gaps with optional community or profession content, not grind-only requirements.",Suggested; XP tables require gameplay balance tests in Spawn.
13,Emberstone Quarry,"Mine, union, seal; Kharic testimony","Finish all golden main-story quest markers; fill gaps with optional community or profession content, not grind-only requirements.",Suggested; XP tables require gameplay balance tests in Spawn.
14,Emberstone Quarry,"Mine, union, seal; Kharic testimony","Finish all golden main-story quest markers; fill gaps with optional community or profession content, not grind-only requirements.",Suggested; XP tables require gameplay balance tests in Spawn.
15,Emberstone Quarry,"Mine, union, seal; Kharic testimony","Finish all golden main-story quest markers; fill gaps with optional community or profession content, not grind-only requirements.",Suggested; XP tables require gameplay balance tests in Spawn.
16,Emberstone Quarry,"Mine, union, seal; Kharic testimony","Finish all golden main-story quest markers; fill gaps with optional community or profession content, not grind-only requirements.",Suggested; XP tables require gameplay balance tests in Spawn.
17,The Hollowcrypt,Four-step dungeon chain and story-mode alternative,"Finish all golden main-story quest markers; fill gaps with optional community or profession content, not grind-only requirements.",Suggested; XP tables require gameplay balance tests in Spawn.
18,The Hollowcrypt,Four-step dungeon chain and story-mode alternative,"Finish all golden main-story quest markers; fill gaps with optional community or profession content, not grind-only requirements.",Suggested; XP tables require gameplay balance tests in Spawn.
19,The Hollowcrypt,Four-step dungeon chain and story-mode alternative,"Finish all golden main-story quest markers; fill gaps with optional community or profession content, not grind-only requirements.",Suggested; XP tables require gameplay balance tests in Spawn.
20,The Hollowcrypt,Four-step dungeon chain and story-mode alternative,"Finish all golden main-story quest markers; fill gaps with optional community or profession content, not grind-only requirements.",Suggested; XP tables require gameplay balance tests in Spawn.
21,Sorrowfen,Reedbound testimony and safe marsh traversal,"Finish all golden main-story quest markers; fill gaps with optional community or profession content, not grind-only requirements.",Suggested; XP tables require gameplay balance tests in Spawn.
22,Sorrowfen,Reedbound testimony and safe marsh traversal,"Finish all golden main-story quest markers; fill gaps with optional community or profession content, not grind-only requirements.",Suggested; XP tables require gameplay balance tests in Spawn.
23,Sorrowfen,Reedbound testimony and safe marsh traversal,"Finish all golden main-story quest markers; fill gaps with optional community or profession content, not grind-only requirements.",Suggested; XP tables require gameplay balance tests in Spawn.
24,Sorrowfen,Reedbound testimony and safe marsh traversal,"Finish all golden main-story quest markers; fill gaps with optional community or profession content, not grind-only requirements.",Suggested; XP tables require gameplay balance tests in Spawn.
25,Tideglass Coast OR Briarwild Deepgrove,Choose one; the other is optional but remains accessible,"Finish all golden main-story quest markers; fill gaps with optional community or profession content, not grind-only requirements.",Suggested; XP tables require gameplay balance tests in Spawn.
26,Tideglass Coast OR Briarwild Deepgrove,Choose one; the other is optional but remains accessible,"Finish all golden main-story quest markers; fill gaps with optional community or profession content, not grind-only requirements.",Suggested; XP tables require gameplay balance tests in Spawn.
27,Tideglass Coast OR Briarwild Deepgrove,Choose one; the other is optional but remains accessible,"Finish all golden main-story quest markers; fill gaps with optional community or profession content, not grind-only requirements.",Suggested; XP tables require gameplay balance tests in Spawn.
28,Tideglass Coast OR Briarwild Deepgrove,Choose one; the other is optional but remains accessible,"Finish all golden main-story quest markers; fill gaps with optional community or profession content, not grind-only requirements.",Suggested; XP tables require gameplay balance tests in Spawn.
29,Tideglass Coast OR Briarwild Deepgrove,Choose one; the other is optional but remains accessible,"Finish all golden main-story quest markers; fill gaps with optional community or profession content, not grind-only requirements.",Suggested; XP tables require gameplay balance tests in Spawn.
30,Tideglass Coast OR Briarwild Deepgrove,Choose one; the other is optional but remains accessible,"Finish all golden main-story quest markers; fill gaps with optional community or profession content, not grind-only requirements.",Suggested; XP tables require gameplay balance tests in Spawn.
31,Velthraen Reach,Recover the correct constellation; converge,"Finish all golden main-story quest markers; fill gaps with optional community or profession content, not grind-only requirements.",Suggested; XP tables require gameplay balance tests in Spawn.
32,Velthraen Reach,Recover the correct constellation; converge,"Finish all golden main-story quest markers; fill gaps with optional community or profession content, not grind-only requirements.",Suggested; XP tables require gameplay balance tests in Spawn.
33,Velthraen Reach,Recover the correct constellation; converge,"Finish all golden main-story quest markers; fill gaps with optional community or profession content, not grind-only requirements.",Suggested; XP tables require gameplay balance tests in Spawn.
34,Velthraen Reach,Recover the correct constellation; converge,"Finish all golden main-story quest markers; fill gaps with optional community or profession content, not grind-only requirements.",Suggested; XP tables require gameplay balance tests in Spawn.
35,Velthraen Reach,Recover the correct constellation; converge,"Finish all golden main-story quest markers; fill gaps with optional community or profession content, not grind-only requirements.",Suggested; XP tables require gameplay balance tests in Spawn.
36,Velthraen Reach,Recover the correct constellation; converge,"Finish all golden main-story quest markers; fill gaps with optional community or profession content, not grind-only requirements.",Suggested; XP tables require gameplay balance tests in Spawn.
37,Velthraen Reach,Recover the correct constellation; converge,"Finish all golden main-story quest markers; fill gaps with optional community or profession content, not grind-only requirements.",Suggested; XP tables require gameplay balance tests in Spawn.
38,Emberstone Bastion,Guild politics and memory engine; forge profession,"Finish all golden main-story quest markers; fill gaps with optional community or profession content, not grind-only requirements.",Suggested; XP tables require gameplay balance tests in Spawn.
39,Emberstone Bastion,Guild politics and memory engine; forge profession,"Finish all golden main-story quest markers; fill gaps with optional community or profession content, not grind-only requirements.",Suggested; XP tables require gameplay balance tests in Spawn.
40,Emberstone Bastion,Guild politics and memory engine; forge profession,"Finish all golden main-story quest markers; fill gaps with optional community or profession content, not grind-only requirements.",Suggested; XP tables require gameplay balance tests in Spawn.
41,Emberstone Bastion,Guild politics and memory engine; forge profession,"Finish all golden main-story quest markers; fill gaps with optional community or profession content, not grind-only requirements.",Suggested; XP tables require gameplay balance tests in Spawn.
42,Emberstone Bastion,Guild politics and memory engine; forge profession,"Finish all golden main-story quest markers; fill gaps with optional community or profession content, not grind-only requirements.",Suggested; XP tables require gameplay balance tests in Spawn.
43,Emberstone Bastion,Guild politics and memory engine; forge profession,"Finish all golden main-story quest markers; fill gaps with optional community or profession content, not grind-only requirements.",Suggested; XP tables require gameplay balance tests in Spawn.
44,Emberstone Bastion,Guild politics and memory engine; forge profession,"Finish all golden main-story quest markers; fill gaps with optional community or profession content, not grind-only requirements.",Suggested; XP tables require gameplay balance tests in Spawn.
45,Glassmere Archive,Investigate removal of withdrawal clause; case files,"Finish all golden main-story quest markers; fill gaps with optional community or profession content, not grind-only requirements.",Suggested; XP tables require gameplay balance tests in Spawn.
46,Glassmere Archive,Investigate removal of withdrawal clause; case files,"Finish all golden main-story quest markers; fill gaps with optional community or profession content, not grind-only requirements.",Suggested; XP tables require gameplay balance tests in Spawn.
47,Glassmere Archive,Investigate removal of withdrawal clause; case files,"Finish all golden main-story quest markers; fill gaps with optional community or profession content, not grind-only requirements.",Suggested; XP tables require gameplay balance tests in Spawn.
48,Glassmere Archive,Investigate removal of withdrawal clause; case files,"Finish all golden main-story quest markers; fill gaps with optional community or profession content, not grind-only requirements.",Suggested; XP tables require gameplay balance tests in Spawn.
49,Glassmere Archive,Investigate removal of withdrawal clause; case files,"Finish all golden main-story quest markers; fill gaps with optional community or profession content, not grind-only requirements.",Suggested; XP tables require gameplay balance tests in Spawn.
50,Glassmere Archive,Investigate removal of withdrawal clause; case files,"Finish all golden main-story quest markers; fill gaps with optional community or profession content, not grind-only requirements.",Suggested; XP tables require gameplay balance tests in Spawn.
51,Glassmere Archive,Investigate removal of withdrawal clause; case files,"Finish all golden main-story quest markers; fill gaps with optional community or profession content, not grind-only requirements.",Suggested; XP tables require gameplay balance tests in Spawn.
52,The Ninth Veil,Last assembly and season finale; no forced group gate,"Finish all golden main-story quest markers; fill gaps with optional community or profession content, not grind-only requirements.",Suggested; XP tables require gameplay balance tests in Spawn.
53,The Ninth Veil,Last assembly and season finale; no forced group gate,"Finish all golden main-story quest markers; fill gaps with optional community or profession content, not grind-only requirements.",Suggested; XP tables require gameplay balance tests in Spawn.
54,The Ninth Veil,Last assembly and season finale; no forced group gate,"Finish all golden main-story quest markers; fill gaps with optional community or profession content, not grind-only requirements.",Suggested; XP tables require gameplay balance tests in Spawn.
55,The Ninth Veil,Last assembly and season finale; no forced group gate,"Finish all golden main-story quest markers; fill gaps with optional community or profession content, not grind-only requirements.",Suggested; XP tables require gameplay balance tests in Spawn.
56,The Ninth Veil,Last assembly and season finale; no forced group gate,"Finish all golden main-story quest markers; fill gaps with optional community or profession content, not grind-only requirements.",Suggested; XP tables require gameplay balance tests in Spawn.
57,The Ninth Veil,Last assembly and season finale; no forced group gate,"Finish all golden main-story quest markers; fill gaps with optional community or profession content, not grind-only requirements.",Suggested; XP tables require gameplay balance tests in Spawn.
58,The Ninth Veil,Last assembly and season finale; no forced group gate,"Finish all golden main-story quest markers; fill gaps with optional community or profession content, not grind-only requirements.",Suggested; XP tables require gameplay balance tests in Spawn.
59,The Ninth Veil,Last assembly and season finale; no forced group gate,"Finish all golden main-story quest markers; fill gaps with optional community or profession content, not grind-only requirements.",Suggested; XP tables require gameplay balance tests in Spawn.
60,The Ninth Veil,Last assembly and season finale; no forced group gate,"Finish all golden main-story quest markers; fill gaps with optional community or profession content, not grind-only requirements.",Suggested; XP tables require gameplay balance tests in Spawn.
