ID,Name,Kind,Optional,People/Class/Group,Zone,Level,Giver,Objectives,Narrative payoff,Reward,Requires ALL,Requires ANY,Map POI
MAR-01,The Bell Before Dawn,origin,False,Marchfolk Origin: Names on a Census,Lantern Ward,1–5,Gatekeeper Elric,Speak to Gatekeeper Elric | examine the town census board,A whole line of homes has been rubbed from the ward ledger.,Starter Coat + 10 XP,,,LANTF147-01
MAR-02,A Face in the Crowd,origin,False,Marchfolk Origin: Names on a Census,Lantern Ward,1–5,Quartermaster Dren,Deliver three supply parcels | ask two neighbors about the vanished address,Each neighbor remembers a different color for a house that apparently never existed.,Copper Coins + Trading tutorial,MAR-01,,LANTF147-02
MAR-03,The Empty Door,origin,False,Marchfolk Origin: Names on a Census,Lantern Ward,1–5,Bram Alder,Follow chalk marks to a walled door | inspect its latch,The sealed doorway opens inward from a street that has no counterpart.,Lantern Scrap + Discovery XP,MAR-02,,LANTF147-03
MAR-04,Three Names Too Few,origin,False,Marchfolk Origin: Names on a Census,Lantern Ward,1–5,Sister Vale,Collect three lost notices | compare them with the bell roll,The notices are dated tomorrow and signed by people no one can find.,Archive Note + Lore tab,MAR-03,,LANTF147-04
MAR-05,Keep the Light,origin,False,Marchfolk Origin: Names on a Census,Lantern Ward,1–5,Gatekeeper Elric,Light two storm lamps | defend the bell rope from two echo shades,The shades whisper a list of names instead of attacking ordinary townsfolk.,First combat gear + XP,MAR-04,,LANTF147-05
MAR-06,A Ledger of Ash,origin,False,Marchfolk Origin: Names on a Census,Lantern Ward,1–5,Mira the Forgekeeper,Collect soot from the old furnace | uncover a brass maker mark,"The furnace was used to burn documents, not ore, during the First Silence.",Crafting component + XP,MAR-05,,LANTF147-06
MAR-07,"No Grave, No Record",origin,False,Marchfolk Origin: Names on a Census,Lantern Ward,1–5,Sister Vale,Read a forgotten memorial plaque | present it to Elric,Elric finally admits that he once signed an order to cross out a district.,Marchfolk Lantern Token + Reputation,MAR-06,,LANTF147-01
MAR-08,Open the Eastern Gate,origin,False,Marchfolk Origin: Names on a Census,Lantern Ward,1–5,Gatekeeper Elric,Choose whether to archive or publicly display the memorial | travel to Lantern's Reach square,The Marchfolk entry ends with the promise that truth cannot be private forever.,Origin completion flag + City access,MAR-07,,LANTF147-02
THR-01,A Seed Without Spring,origin,False,Thren Origin: The Root That Learned a Name,Rootwake Glade,1–5,Elder Fenna Rootwake,Collect three memory seeds from the glade | plant one at the witness stump,One seed refuses a grave and grows toward the old road.,Root Seed + Gathering tutorial,,,ROOT2375-01
THR-02,The Branch of Hands,origin,False,Thren Origin: The Root That Learned a Name,Rootwake Glade,1–5,Grove Singer Ell,Examine three hand-shaped roots | record their whispers,"A forbidden name is repeated in sap vibrations, but the forest elder interrupts.",Lore Glyph + XP,THR-01,,ROOT2375-02
THR-03,Hungry Bark,origin,False,Thren Origin: The Root That Learned a Name,Rootwake Glade,1–5,Tamsin the Ranger,Fend off two bramble-struck beasts | spare a pacified beast,The creatures are frightened by a metallic ringing beneath the soil.,Pathfinder tonic + Combat XP,THR-02,,ROOT2375-03
THR-04,Gatherer of Last Words,origin,False,Thren Origin: The Root That Learned a Name,Rootwake Glade,1–5,Elder Fenna Rootwake,Collect four fallen leaf-notes | arrange them around a memorial bowl,The grove keeps even the memories of those who caused harm.,Memory Leaf + XP,THR-03,,ROOT2375-04
THR-05,The Root Below,origin,False,Thren Origin: The Root That Learned a Name,Rootwake Glade,1–5,Grove Singer Ell,Descend a safe root tunnel | cut a bellglass shard free without damaging roots,The shard hums with the voice of a child who still believes someone will return.,Bellglass Shard + Interact tutorial,THR-04,,ROOT2375-05
THR-06,What We Do Not Burn,origin,False,Thren Origin: The Root That Learned a Name,Rootwake Glade,1–5,Elder Fenna Rootwake,Choose one testimony to preserve publicly | protect a seedling from rootblight,The child name is not a curse; it was erased by an old compromise.,Glade Charm + XP,THR-05,,ROOT2375-06
THR-07,The Walk of Witnesses,origin,False,Thren Origin: The Root That Learned a Name,Rootwake Glade,1–5,Tamsin the Ranger,Repair the woodland footbridge | escort an old witness to the border,The waystones point to a living signal in Lantern's Reach.,Rootwake Seed Sigil + XP,THR-06,,ROOT2375-01
THR-08,Between Grove and Bell,origin,False,Thren Origin: The Root That Learned a Name,Rootwake Glade,1–5,Elder Fenna Rootwake,Speak the lost name over the stream | leave for Lantern's Reach,The trees refuse to hold a truth that belongs to the living alone.,Origin completion flag + City access,THR-07,,ROOT2375-02
KHA-01,First Chisel,origin,False,Kharic Origin: The Quarry Has a Voice,Emberstone Cradle,1–5,Mason Yurra Flint-Eye,Mine two copper nodes | repair the novice chisel,A buried note rings in the novice chisel.,Training Chisel + Mining tutorial,,,EMBED524-01
KHA-02,Stones That Should Be Silent,origin,False,Kharic Origin: The Quarry Has a Voice,Emberstone Cradle,1–5,Quarry Foreman Kiv,Inspect cracked pillars | compare their tones with a tuning hammer,The cracks follow letters in a script that predates the quarry.,Ore Chips + XP,KHA-01,,EMBED524-02
KHA-03,The Closed Shift,origin,False,Kharic Origin: The Quarry Has a Voice,Emberstone Cradle,1–5,Quartermaster Dren,Recover three shift tokens | count the missing miners,The tokens belong to a work crew absent from all payrolls.,Coins + Reputation,KHA-02,,EMBED524-03
KHA-04,Resonance Underfoot,origin,False,Kharic Origin: The Quarry Has a Voice,Emberstone Cradle,1–5,Mason Yurra Flint-Eye,Enter a shallow training tunnel | activate two tuning stones,The floor sings an impossible duet when one miner speaks.,Tuning Stone + Puzzle tutorial,KHA-03,,EMBED524-04
KHA-05,The Lighter Vein,origin,False,Kharic Origin: The Quarry Has a Voice,Emberstone Cradle,1–5,Mira the Forgekeeper,Smelt one copper bar | compare it with one bellglass fragment,"Bellglass is compressed, unspoken testimony, not ordinary mineral.",Novice Weapon + Crafting XP,KHA-04,,EMBED524-05
KHA-06,A Seal in the Wall,origin,False,Kharic Origin: The Quarry Has a Voice,Emberstone Cradle,1–5,Quarry Foreman Kiv,Defend the tunnel mouth from three scavengers | recover an old seal,The sealed excavation leads toward the Hollowcrypt foundation.,Rust Seal + XP,KHA-05,,EMBED524-06
KHA-07,Honest Stone,origin,False,Kharic Origin: The Quarry Has a Voice,Emberstone Cradle,1–5,Mason Yurra Flint-Eye,Preserve the lost miners' names by cutting them on the new lintel,The ancestors sealed a chamber knowing somebody was still inside.,Chisel of Witness + Reputation,KHA-06,,EMBED524-01
KHA-08,Road to the Living Bell,origin,False,Kharic Origin: The Quarry Has a Voice,Emberstone Cradle,1–5,Mason Yurra Flint-Eye,Leave your old chisel at the shrine | travel to Lantern's Reach,The Kharic vow to record the cost of every miracle before accepting another.,Origin completion flag + City access,KHA-07,,EMBED524-02
NAM-01,Tide on the Wrong Hour,origin,False,Namar Origin: Harbor of the Uncharted,Breakwater Strand,1–5,Pilot Sena Wavebound,Chart three tide marks | report the reversed current,The ebb is carrying fragments of a harbor song upstream.,Tide Chart + Navigation tutorial,,,BREA57E6-01
NAM-02,A Shell That Answered,origin,False,Namar Origin: Harbor of the Uncharted,Breakwater Strand,1–5,Shellkeeper Ruun,Collect four shell echoes | listen through a hollow conch,An entire fleet calls from the inland hills.,Conch Token + XP,NAM-01,,BREA57E6-02
NAM-03,The False Beacon,origin,False,Namar Origin: Harbor of the Uncharted,Breakwater Strand,1–5,Pilot Sena Wavebound,Inspect the unmapped lighthouse | relight two coastal lamps,"The light points away from the sea, toward Lantern's Reach.",Lantern Oil + XP,NAM-02,,BREA57E6-03
NAM-04,The Nets Are Empty,origin,False,Namar Origin: Harbor of the Uncharted,Breakwater Strand,1–5,Netmaker Sari,Catch two reef fish | rescue one trapped skiff,Shadows under the nets are sailors who have no names in memory.,Fishing Kit + Fishing XP,NAM-03,,BREA57E6-04
NAM-05,Salt Against Glass,origin,False,Namar Origin: Harbor of the Uncharted,Breakwater Strand,1–5,Shellkeeper Ruun,Recover a glass fragment from a wreck | wash it in the tidal pool,Bellglass stops singing when allowed to hear a consenting voice.,Washed Glass + XP,NAM-04,,BREA57E6-05
NAM-06,Songs of the Lost Fleet,origin,False,Namar Origin: Harbor of the Uncharted,Breakwater Strand,1–5,Pilot Sena Wavebound,Defend three stranded sailors from phantom currents | learn the harbor refrain,The fleet was not wrecked; it became a living seal for an old breach.,Coast Mantle + Combat XP,NAM-05,,BREA57E6-06
NAM-07,Compass for the Forgotten,origin,False,Namar Origin: Harbor of the Uncharted,Breakwater Strand,1–5,Shellkeeper Ruun,Make a tideglass compass | choose which old route to map publicly,The Namar must decide whether protection excuses concealment.,Tideglass Compass + XP,NAM-06,,BREA57E6-01
NAM-08,A Road Made of Water,origin,False,Namar Origin: Harbor of the Uncharted,Breakwater Strand,1–5,Pilot Sena Wavebound,Cross the safe ferry lane | meet Rowan the Ferryman at Lantern's Reach,The inland rivers are carrying messages the coast can no longer contain.,Origin completion flag + City access,NAM-07,,BREA57E6-02
REH-01,When the Reeds Bow,origin,False,Reedbound Origin: The Names in the Reeds,Reedhaven Refuge,1–5,Reedkeeper Iona Sedge,Gather three marsh reeds | braid the first witness knot,The reeds bow toward voices rather than wind.,Braided Knot + Gathering XP,,,REEDAE5C-01
REH-02,The Lantern in the Water,origin,False,Reedbound Origin: The Names in the Reeds,Reedhaven Refuge,1–5,Wisp Tender Kele,Capture two harmless stray wisps | return them to the memorial pool,The wisps repeat the last words of missing relatives.,Wisp Jar + Interaction tutorial,REH-01,,REEDAE5C-02
REH-03,"Dry Feet, Safe Path",origin,False,Reedbound Origin: The Names in the Reeds,Reedhaven Refuge,1–5,Marsh Guide Pell,Place four safe-path markers | avoid the deep mire,The previous markers were moved on purpose to isolate the refuge.,Boot Upgrade + Navigation XP,REH-02,,REEDAE5C-03
REH-04,Guests We Cannot Bury,origin,False,Reedbound Origin: The Names in the Reeds,Reedhaven Refuge,1–5,Reedkeeper Iona Sedge,Speak with three mourners | read the woven roll of names,The mourners remember the same people at different ages.,Reed Book + Lore XP,REH-03,,REEDAE5C-04
REH-05,A Hush Beneath the Boards,origin,False,Reedbound Origin: The Names in the Reeds,Reedhaven Refuge,1–5,Marsh Guide Pell,Explore the dry cellar | cleanse two tainted bellglass knots,The taint originates from a newly installed Beacon Guild signal device.,Marsh Salve + Combat XP,REH-04,,REEDAE5C-05
REH-06,The Wisp Chooses,origin,False,Reedbound Origin: The Names in the Reeds,Reedhaven Refuge,1–5,Wisp Tender Kele,Offer a wisp an unmarked lantern | protect it without binding it,"The wisp becomes a guide only after being asked, not commanded.",Wisp Companion Visual + XP,REH-05,,REEDAE5C-06
REH-07,The Floating Memorial,origin,False,Reedbound Origin: The Names in the Reeds,Reedhaven Refuge,1–5,Reedkeeper Iona Sedge,Release three braided names into the marsh | retrieve one hidden map,The map leads to an old crossing beneath Lantern's Reach.,Reedhaven Wisp Jar + XP,REH-06,,REEDAE5C-01
REH-08,Leaving the Safe Water,origin,False,Reedbound Origin: The Names in the Reeds,Reedhaven Refuge,1–5,Reedkeeper Iona Sedge,Mark the danger boundary for new travelers | take the river road to Lantern's Reach,Reedhaven stays accessible while the outer Sorrowfen remains a higher-level zone.,Origin completion flag + City access,REH-07,,REEDAE5C-02
VEY-01,The Missing Point,origin,False,Veylori Origin: The Constellation That Fell,Starfall Eyrie,1–5,Astromer Neris Sol,Align three novice sky lenses | identify the absent constellation,The chart contains nine stations but the sky has only eight.,Novice Lens + Observation tutorial,,,STARC3FE-01
VEY-02,Wind Over the Abyss,origin,False,Veylori Origin: The Constellation That Fell,Starfall Eyrie,1–5,Glidewarden Ires,Cross the protected stone span | activate two wind chimes,The chimes strike a forbidden ninth note.,Wind Token + XP,VEY-01,,STARC3FE-02
VEY-03,A Light from Below,origin,False,Veylori Origin: The Constellation That Fell,Starfall Eyrie,1–5,Astromer Neris Sol,Examine meteor fragments | distinguish starlight from bellglass,The fallen meteor is manufactured from a terrestrial memory.,Astromer Shard + XP,VEY-02,,STARC3FE-03
VEY-04,The Observatory Listens,origin,False,Veylori Origin: The Constellation That Fell,Starfall Eyrie,1–5,Star Reader Otho,Track a moving sky-rune | record its path,Its motion traces the inland road to Lantern's Reach.,Sky Chart + Lore XP,VEY-03,,STARC3FE-04
VEY-05,The False Star,origin,False,Veylori Origin: The Constellation That Fell,Starfall Eyrie,1–5,Glidewarden Ires,Defend the lens array from two aerial shades | reset the counterweights,The shades try to hide one name engraved on the telescope.,Light Cloak + Combat XP,VEY-04,,STARC3FE-05
VEY-06,A Question of Altitude,origin,False,Veylori Origin: The Constellation That Fell,Starfall Eyrie,1–5,Astromer Neris Sol,Read the telescope inscription aloud | choose to publish or conceal it,The Ninth was deliberately omitted from public maps by agreement of witnesses.,Windharp + XP,VEY-05,,STARC3FE-06
VEY-07,The Right to Dissent,origin,False,Veylori Origin: The Constellation That Fell,Starfall Eyrie,1–5,Star Reader Otho,Carry an uncensored chart through the watch assembly,The skywatchers split over whether forgetting can be merciful.,Starfall Lens + Reputation,VEY-06,,STARC3FE-01
VEY-08,Descending to the Bell,origin,False,Veylori Origin: The Constellation That Fell,Starfall Eyrie,1–5,Astromer Neris Sol,Reach the mountain lift | travel to Lantern's Reach,"If a star can be erased, the world's oldest maps cannot be treated as truth.",Origin completion flag + City access,VEY-07,,STARC3FE-02
Q001,Welcome to Lantern's Reach,core,False,Shared Tutorial: First Light,Lantern's Reach / Lantern March,5–12,Gatekeeper Elric,Talk to Gatekeeper Elric | register your arrival with the Beacon Guild,"Elric recognizes the mark carried by every origin, even those he has never seen.",Training blade + Coins,,MAR-08 | THR-08 | KHA-08 | NAM-08 | REH-08 | VEY-08,LANTCB5E-01
Q002,A Light Against the Briars,core,False,Shared Tutorial: First Light,Lantern's Reach / Lantern March,5–12,Tamsin the Ranger,Defeat three wolves | return to Tamsin,The wolves chase the pulse of a hidden bellglass device and need not be exterminated beyond the quest.,XP + Coins,Q001,,LANTCB5E-02
Q003,The First Forge,core,False,Shared Tutorial: First Light,Lantern's Reach / Lantern March,5–12,Mira the Forgekeeper,Gather two ore | smelt one bar | craft a practice blade,The forge rings with a voice saying “There should be nine.”,Forged blade + Crafting XP,Q002,,LANTCB5E-03
Q004,The Old River,core,False,Shared Tutorial: First Light,Lantern's Reach / Lantern March,5–12,Rowan the Ferryman,Catch two river fish | cook one portion | deliver a meal to the dock watch,A ferry manifest records passage to a dock no citizen can see.,Cooking ingredients + Fishing XP,Q003,,LANTCB5E-04
Q005,Supply the Watch,core,False,Shared Tutorial: First Light,Lantern's Reach / Lantern March,5–12,Bram Alder,Deliver three timber bundles | help repair the eastern watch steps,The repaired structure reveals a buried waymark pointing to Hollowcrypt.,Coins + Gathering XP,Q004,,LANTCB5E-05
Q006,Echoes at the Quarry,core,False,Shared Tutorial: First Light,Lantern's Reach / Lantern March,5–12,Mira the Forgekeeper,Defeat three quarry scavengers | investigate the damaged bellglass lamp,A fresh Hollow Court maker seal has been pressed over a much older Accord mark.,Rare ore + XP,Q005,,LANTCB5E-06
Q007,Broken Sigil,core,False,Shared Tutorial: First Light,Lantern's Reach / Lantern March,5–12,Sister Vale,Locate three ancient sigil stones | place them in the witness recess,Each stone answers only to a different voice; no solitary hero can restore the inscription.,Relic fragment + Lore XP,Q006,,LANTCB5E-01
Q008,The Hollowcrypt Gate,core,False,Shared Tutorial: First Light,Lantern's Reach / Lantern March,5–12,Gatekeeper Elric,Inspect the Hollowcrypt seal | invite a party or select story-mode projection | speak with Sister Vale,"The first sealed district lies somewhere beneath the town, and the gate accepts witnesses, not owners.",Hollowcrypt access flag + XP,Q007,,LANTCB5E-02
VAN-01,The Weight of a Promise,class,False,Vanguard Path: A Shield is Not a Crown,The Shield Table,8–18,Marshal Oren Flint,Equip a shield | intercept two practice strikes aimed at trainees,"A shield is a covenant with others, not proof of command.",Guard ability + XP,Q001,,GLASA846-01
VAN-02,The Door and the Refugee,class,False,Vanguard Path: A Shield is Not a Crown,The Shield Table,8–18,Marshal Oren Flint,Escort three evacuees | choose a defensive position under pressure,The marshal once protected a gate by refusing entry to families already inside its records.,Intercept ability + XP,VAN-01,,GLASA846-02
VAN-03,The Captain Who Counted,class,False,Vanguard Path: A Shield is Not a Crown,The Shield Table,8–18,Gatekeeper Elric,Find a battlefield register | return it to Oren Flint,Officials marked rescued civilians as military supplies to hide a catastrophe.,Shield Pattern + XP,VAN-02,,GLASA846-03
VAN-04,Stand Where It Hurts,class,False,Vanguard Path: A Shield is Not a Crown,The Shield Table,8–18,Tamsin the Ranger,Defend the bridge against three waves | use parry to block the cleave,"The courage of a guardian is measured by who escapes, not who falls.",Parry upgrade + XP,VAN-03,,GLASA846-04
VAN-05,The Order to Withdraw,class,False,Vanguard Path: A Shield is Not a Crown,The Shield Table,8–18,Marshal Oren Flint,Hear two opposing witnesses | decide whether to publish the captain's unlawful order,Oren recognizes the first protected citizen as his own predecessor.,Shield Table reputation + XP,VAN-04,,GLASA846-05
VAN-06,Names Behind the Rampart,class,False,Vanguard Path: A Shield is Not a Crown,The Shield Table,8–18,Sister Vale,Collect three shield-plate names from the ruins | restore the memorial,"The missing dead were from all peoples, not a single proud regiment.",Legacy shield cosmetic + XP,VAN-05,,GLASA846-06
VAN-07,The Open Shield,class,False,Vanguard Path: A Shield is Not a Crown,The Shield Table,8–18,Marshal Oren Flint,Complete a guardian trial | vow never to use protection to silence the protected,The Vanguard path closes with a freely given oath rather than a compulsory allegiance.,Vanguard chapter flag + skill point,VAN-06,,GLASA846-01
ARC-01,Listen Without Taking,class,False,Arcanist Path: The Listening Flame,The Quiet Observatory,8–18,Sister Vale,Use a focus on three memory echoes | release each without collecting it,Magic can witness a past event without claiming the speaker.,Resonance Sight + XP,Q001,,GLASA846-01
ARC-02,The Lamp That Lies,class,False,Arcanist Path: The Listening Flame,The Quiet Observatory,8–18,Magister Leth Sen,Compare two resonance signals | identify the false one,The Beacon Guild purchased counterfeit readings to keep trade roads open.,Arcane Ward + XP,ARC-01,,GLASA846-02
ARC-03,A Lesson in Consent,class,False,Arcanist Path: The Listening Flame,The Quiet Observatory,8–18,Sister Vale,Ask three NPCs for permission to read a trace | refuse the forced reading offered by a device,"The apparatus works, but ethical restraint is part of mastery.",Focus tonic + XP,ARC-02,,GLASA846-03
ARC-04,What the Ink Remembered,class,False,Arcanist Path: The Listening Flame,The Quiet Observatory,8–18,Curator Ossa,Copy three shifting fragments | stabilize the page,The names on the page were written by someone trying to be forgotten.,Bound page + XP,ARC-03,,GLASA846-04
ARC-05,The Heat of a Small Star,class,False,Arcanist Path: The Listening Flame,The Quiet Observatory,8–18,Sister Vale,Channel a shield around the forge | prevent two echoes from breaking free,Not every echo seeks a body; some only want to be heard.,Ward upgrade + XP,ARC-04,,GLASA846-05
ARC-06,The Unfinished Sentence,class,False,Arcanist Path: The Listening Flame,The Quiet Observatory,8–18,Magister Leth Sen,Translate a partial sigil | leave its final line deliberately unsigned,The Nine had written no clause that allowed one witness to rule all others.,Arcane Staff cosmetic + XP,ARC-05,,GLASA846-06
ARC-07,The Reader's Oath,class,False,Arcanist Path: The Listening Flame,The Quiet Observatory,8–18,Sister Vale,Complete a focus trial | decide how to credit the unknown author,The Arcanist commits to keeping truth legible and ownership explicit.,Arcanist chapter flag + skill point,ARC-06,,GLASA846-01
PAT-01,Pathmakers,class,False,Pathfinder Path: The Road Has Witnesses,The Wayfarers' Lodge,8–18,Tamsin the Ranger,Follow three trail signs | place a beacon on a safe route,A road exists only because countless unknown travelers maintained it.,Trail Mark + XP,Q001,,GLASA846-01
PAT-02,The Predator and the Bell,class,False,Pathfinder Path: The Road Has Witnesses,The Wayfarers' Lodge,8–18,Tamsin the Ranger,Track a bramblewolf | disable the bellglass lure instead of killing it,The animals were led into town by deliberate noise.,Mark Target ability + XP,PAT-01,,GLASA846-02
PAT-03,Crossing Without a Map,class,False,Pathfinder Path: The Road Has Witnesses,The Wayfarers' Lodge,8–18,Rowan the Ferryman,Survey two crossings | craft a simple rope bridge,One crossing disappears from sight when no two people watch it at once.,Trap kit + XP,PAT-02,,GLASA846-03
PAT-04,The Ranger Who Lied,class,False,Pathfinder Path: The Road Has Witnesses,The Wayfarers' Lodge,8–18,Bram Alder,Compare Tamsin's old report with two mile markers,Tamsin redirected a caravan to save a stranded child; the caravan never arrived.,Pathfinder journal + XP,PAT-03,,GLASA846-04
PAT-05,The Long Way Home,class,False,Pathfinder Path: The Road Has Witnesses,The Wayfarers' Lodge,8–18,Tamsin the Ranger,Guide three refugees through the slow safe trail,The safest road is not always the shortest or the most profitable.,Scout speed passive + XP,PAT-04,,GLASA846-05
PAT-06,No Trail Left Behind,class,False,Pathfinder Path: The Road Has Witnesses,The Wayfarers' Lodge,8–18,Reedkeeper Iona Sedge,Open a marsh footpath | place return markers,Travelers stop disappearing when exits are as visible as entrances.,Traveler Bow cosmetic + XP,PAT-05,,GLASA846-06
PAT-07,Wayfarer's Witness,class,False,Pathfinder Path: The Road Has Witnesses,The Wayfarers' Lodge,8–18,Tamsin the Ranger,Finish a trail trial | report both the safe and forbidden routes to the lodge,"The Pathfinders inherit neither land nor law, only the duty to leave a way home.",Pathfinder chapter flag + skill point,PAT-06,,GLASA846-01
SHA-01,The Shadow of a Lock,class,False,Shade Path: The Door Without a Key,The Unseen Door,8–18,Keeper Sen Arlo,Sneak past two sentries | open a practice case without harming guards,Secrecy can protect the weak when force would fail.,Stealth ability + XP,Q001,,GLASA846-01
SHA-02,Someone Else's Letter,class,False,Shade Path: The Door Without a Key,The Unseen Door,8–18,Keeper Sen Arlo,Retrieve a sealed letter | deliver it unopened to its owner,The guild measures restraint by what it refuses to read.,Diversion ability + XP,SHA-01,,GLASA846-02
SHA-03,A Ledger Bought Twice,class,False,Shade Path: The Door Without a Key,The Unseen Door,8–18,Quartermaster Dren,Follow three suspicious payments | mark the Hollow Court front company,The Court is funding shelters as well as thefts.,Coin Purse + XP,SHA-02,,GLASA846-03
SHA-04,Knife in the Spotlight,class,False,Shade Path: The Door Without a Key,The Unseen Door,8–18,Keeper Sen Arlo,Disable three signal mirrors | rescue a captured informant,A public accusation could expose the informant before they are safe.,Shadowstep trial + XP,SHA-03,,GLASA846-04
SHA-05,The Truth Without the Name,class,False,Shade Path: The Door Without a Key,The Unseen Door,8–18,Sister Vale,Report the conspiracy without identifying a vulnerable witness,A truthful statement need not destroy the person who supplied it.,Silent Cloak + XP,SHA-04,,GLASA846-05
SHA-06,The Keeper Was There,class,False,Shade Path: The Door Without a Key,The Unseen Door,8–18,Keeper Sen Arlo,Infiltrate an old records room | recover Arlo's original badge,Arlo belonged to the Court before leaving over forced mind-reading.,Shade blades cosmetic + XP,SHA-05,,GLASA846-06
SHA-07,"Unseen, Not Unaccountable",class,False,Shade Path: The Door Without a Key,The Unseen Door,8–18,Keeper Sen Arlo,Complete a nonlethal infiltration trial | show evidence to its rightful owners,The Shade earns the right to act quietly by accepting public judgment afterward.,Shade chapter flag + skill point,SHA-06,,GLASA846-01
EQU-01,A Vein Out of Season,zone,False,Emberstone Quarry: The Price of Stone,Emberstone Quarry,12–17,Mira the Forgekeeper,Sample three new crystal veins | inspect a damaged survey stake,Ore is forming around conversations that were never spoken.,Mining XP + Coins,Q008,,EMBE2DE0-01
EQU-02,The Quarry Ledger,zone,False,Emberstone Quarry: The Price of Stone,Emberstone Quarry,12–17,Mason Yurra Flint-Eye,Recover two shift ledgers | confront the foreman,Six miners were listed as tools instead of people.,Witnessed Ledger + XP,EQU-01,,EMBE2DE0-02
EQU-03,The Machine Beneath,zone,False,Emberstone Quarry: The Price of Stone,Emberstone Quarry,12–17,Quarry Foreman Kiv,Activate three safe lift brakes | enter the sealed lower gallery,Someone restarted an Accord machine long after its authorized keepers died.,Lift shortcut + XP,EQU-02,,EMBE2DE0-03
EQU-04,Ore and Oaths,zone,False,Emberstone Quarry: The Price of Stone,Emberstone Quarry,12–17,Mira the Forgekeeper,Smelt a bellglass-alloy test sample | compare the signal against true copper,Unwitnessed testimony crystallizes under pressure.,Forge Recipe: Resonant Pin,EQU-03,,EMBE2DE0-04
EQU-05,Sparks for Sale,zone,False,Emberstone Quarry: The Price of Stone,Emberstone Quarry,12–17,Quartermaster Dren,Track a Hollow Court buyer | recover two purchase orders,Court agents are buying bellglass for a device meant to retrieve the erased.,Market Evidence + XP,EQU-04,,EMBE2DE0-05
EQU-06,The Man on the Other Side,zone,False,Emberstone Quarry: The Price of Stone,Emberstone Quarry,12–17,Mason Yurra Flint-Eye,Speak across a sealed wall | triangulate the voice with two tuning hammers,The imprisoned miner may be an echo who remembers a real injustice.,Stone Witness Fragment + XP,EQU-05,,EMBE2DE0-06
EQU-07,Break the Drill,zone,False,Emberstone Quarry: The Price of Stone,Emberstone Quarry,12–17,Tamsin the Ranger,Defeat the illegal drill crew | stop the unstable rig without harming workers,Mareth's people were promised that excavation would restore loved ones.,Quarry Sigil + XP,EQU-06,,EMBE2DE0-01
EQU-08,Written in the Dust,zone,False,Emberstone Quarry: The Price of Stone,Emberstone Quarry,12–17,Sister Vale,Display the miners' names on the quarry board | read the hidden exit coordinates,All six disappeared on the night of the First Silence.,Hollowcrypt clue + XP,EQU-07,,EMBE2DE0-02
EQU-09,A Road Below the Town,zone,False,Emberstone Quarry: The Price of Stone,Emberstone Quarry,12–17,Gatekeeper Elric,Open the east shaft connector | report the lost corridor,The route leads beneath the memorial district toward the Hollowcrypt.,Zone completion + level gate,EQU-08,,EMBE2DE0-03
SOR-01,Boardwalk at Dusk,zone,False,Sorrowfen: The Unfinished Mourning,Sorrowfen,21–25,Marsh Guide Pell,Activate four ward lanterns | mark a safe evacuation line,The lanterns carry living names stitched into the wicks.,Marsh traversal + XP,DHC-04,,SORRF6BC-01
SOR-02,Not All Wisps Are Lost,zone,False,Sorrowfen: The Unfinished Mourning,Sorrowfen,21–25,Wisp Tender Kele,Identify three harmless wisps | defeat two coercive tether-spirits,The aggressive spirits are being pulled toward a Court receiver.,Wisp Jar + XP,SOR-01,,SORRF6BC-02
SOR-03,Mourner in the Reeds,zone,False,Sorrowfen: The Unfinished Mourning,Sorrowfen,21–25,Reedkeeper Iona Sedge,Interview a mourner | follow her reflected footsteps,"Her missing family is heard only in the reflection, not in the water itself.",Story fragment + XP,SOR-02,,SORRF6BC-03
SOR-04,The Bell in the Bog,zone,False,Sorrowfen: The Unfinished Mourning,Sorrowfen,21–25,Sister Vale,Recover two sunken bellglass chimes | turn them face-down,The chimes were meant to guide rather than imprison echoes.,Resonant Ward + XP,SOR-03,,SORRF6BC-04
SOR-05,The Marsh Bargain,zone,False,Sorrowfen: The Unfinished Mourning,Sorrowfen,21–25,Marsh Guide Pell,Choose to rescue a smuggler or recover her manifest first | complete both outcomes,The smuggler ferried refugees for the Hollow Court and later abandoned the trade.,Reedbound trust + XP,SOR-04,,SORRF6BC-05
SOR-06,A Chapel Without Graves,zone,False,Sorrowfen: The Unfinished Mourning,Sorrowfen,21–25,Reedkeeper Iona Sedge,Explore the drowned chapel | read three unmarked stones,Memorials were erased to hide that the first victims volunteered under false pretenses.,Chapel Map + XP,SOR-05,,SORRF6BC-06
SOR-07,The Mirelurker's Hunger,zone,False,Sorrowfen: The Unfinished Mourning,Sorrowfen,21–25,Tamsin the Ranger,Defeat an elite mirelurker | remove its embedded bellglass splinter,"The beast is a suffering animal, not an enemy of the world.",Rare Reagent + XP,SOR-06,,SORRF6BC-01
SOR-08,The Visitor Beneath Water,zone,False,Sorrowfen: The Unfinished Mourning,Sorrowfen,21–25,Sister Vale,Enter an echo reflection | speak to the child there,A child named Eda Sable asks when her mother will come back.,Eda testimony + XP,SOR-07,,SORRF6BC-02
SOR-09,Carry the Name Out,zone,False,Sorrowfen: The Unfinished Mourning,Sorrowfen,21–25,Reedkeeper Iona Sedge,Escort the testimony to Lantern's Reach | invite two living witnesses to hear it,"Mareth Sable is revealed as more than a villain, but her methods are endangering thousands.",Sorrowfen arc flag + XP,SOR-08,,SORRF6BC-03
TID-01,Salt on the Charts,zone,False,Tideglass Coast: The Harbor That Never Was,Tideglass Coast,24–30,Pilot Sena Wavebound,Survey three uncharted inlets | question the dock registry,The old fleet sailed carrying volunteers who were told they could return.,Tide Survey + XP,SOR-09,,TIDE37C7-01
TID-02,The Lighthouse Faces Inland,zone,False,Tideglass Coast: The Harbor That Never Was,Tideglass Coast,24–30,Shellkeeper Ruun,Relight three lighthouse lenses | rotate one toward the lost inland sea,"The lighthouse is an Accord station, not a maritime warning beacon.",Lightkeeper Badge + XP,TID-01,,TIDE37C7-02
TID-03,A Song Without a Singer,zone,False,Tideglass Coast: The Harbor That Never Was,Tideglass Coast,24–30,Netmaker Sari,Collect three melody fragments | teach the refrain to a living crew,A disappeared fleet can be remembered without being conjured back.,Namar Song + XP,TID-02,,TIDE37C7-03
TID-04,Drowned in Air,zone,False,Tideglass Coast: The Harbor That Never Was,Tideglass Coast,24–30,Rowan the Ferryman,Search two empty dry docks | repair the ferry rope,The fleet manifests only when a listener agrees to hear its testimony.,Ferry fast route + XP,TID-03,,TIDE37C7-04
TID-05,The Broken Compass,zone,False,Tideglass Coast: The Harbor That Never Was,Tideglass Coast,24–30,Pilot Sena Wavebound,Craft tideglass lens | chart the phantom fleet crossing,Mareth has stolen a navigational fragment keyed to Eda's last song.,Tideglass Lens + XP,TID-04,,TIDE37C7-05
TID-06,The Nets of Mercy,zone,False,Tideglass Coast: The Harbor That Never Was,Tideglass Coast,24–30,Reedkeeper Iona Sedge,Release trapped memory-forms | stop the brine collector,The Court's harvesting physically harms the coastline.,Mire Salve + XP,TID-05,,TIDE37C7-06
TID-07,The Captain Who Stayed,zone,False,Tideglass Coast: The Harbor That Never Was,Tideglass Coast,24–30,Shellkeeper Ruun,Meet a fleet echo | refuse to compel her oath,"Captain Orin volunteered to keep the door open, then was forcibly forgotten.",Captain's Account + XP,TID-06,,TIDE37C7-01
TID-08,The Harbor Song,zone,False,Tideglass Coast: The Harbor That Never Was,Tideglass Coast,24–30,Pilot Sena Wavebound,Play the recovered song at three beacons | stabilize the estuary,The ocean route becomes visible again to anyone who wishes to sail it.,Tideglass Cape + XP,TID-07,,TIDE37C7-02
TID-09,Beyond the White Headland,zone,False,Tideglass Coast: The Harbor That Never Was,Tideglass Coast,24–30,Rowan the Ferryman,Board the relay skiff | deliver the captain's record to Magister Leth Sen,A chain of archives points toward Glassmere.,Tideglass arc flag + XP,TID-08,,TIDE37C7-03
BRD-01,Through the Quiet Trunk,zone,False,Deep Briarwild: The Orchard of Ash,Briarwild Deepgrove,24–30,Elder Fenna Rootwake,Open the ancient root passage | follow three memory pollen trails,The deep grove is protecting a buried Accord archive.,Rootway access + XP,SOR-09,,BRIA23C3-01
BRD-02,The Thorn Shepherd,zone,False,Deep Briarwild: The Orchard of Ash,Briarwild Deepgrove,24–30,Grove Singer Ell,Calm two bramble creatures | destroy one bellglass snare,Fear turned the guardians against travelers who had once been welcome.,Nature Ward + XP,BRD-01,,BRIA23C3-02
BRD-03,A Name Grown Crooked,zone,False,Deep Briarwild: The Orchard of Ash,Briarwild Deepgrove,24–30,Sister Vale,Read the living bark inscription | compare it with two handwritten letters,The erased child was not lost in the woods; she was given to the Ninth as a witness.,Living Inscription + XP,BRD-02,,BRIA23C3-03
BRD-04,Scars of the Orchard,zone,False,Deep Briarwild: The Orchard of Ash,Briarwild Deepgrove,24–30,Elder Fenna Rootwake,Remove three blight nodules | preserve the healthy root fiber,The corruption is spreading from a controlled restoration attempt.,Seed Elixir + XP,BRD-03,,BRIA23C3-04
BRD-05,The Garden That Refused,zone,False,Deep Briarwild: The Orchard of Ash,Briarwild Deepgrove,24–30,Grove Singer Ell,Assist two conflicting gardeners | choose how to label the memorial,The Thren honor loss without pretending every sacrifice was consensual.,Glade Reputation + XP,BRD-04,,BRIA23C3-05
BRD-06,Voice of the Buried Path,zone,False,Deep Briarwild: The Orchard of Ash,Briarwild Deepgrove,24–30,Tamsin the Ranger,Traverse a vertical tree walkway | follow a voice without chasing it blindly,An old route connects Briarwild to the Glassmere archives.,Shortcut unlock + XP,BRD-05,,BRIA23C3-06
BRD-07,Mareth's Offering,zone,False,Deep Briarwild: The Orchard of Ash,Briarwild Deepgrove,24–30,Sister Vale,Recover a Hollow Court letter | leave a response at the root shrine,Mareth offered to return the lost dead if the grove would lend her its memory.,Court Letter + XP,BRD-06,,BRIA23C3-01
BRD-08,The Child in the Bark,zone,False,Deep Briarwild: The Orchard of Ash,Briarwild Deepgrove,24–30,Elder Fenna Rootwake,Speak with an echo child | promise not to decide her future without asking,Eda's echo refuses to be used as a banner by either side.,Child's Testimony + XP,BRD-07,,BRIA23C3-02
BRD-09,Leaves for All Witnesses,zone,False,Deep Briarwild: The Orchard of Ash,Briarwild Deepgrove,24–30,Elder Fenna Rootwake,Open the root archive to outsiders | travel to Velthraen Reach,The grove abandons the old assumption that only one people can hold its truth.,Briarwild arc flag + XP,BRD-08,,BRIA23C3-03
VEL-01,The Observatory Road,zone,False,Velthraen Reach: The Missing Star,Velthraen Reach,31–38,Glidewarden Ires,Repair the mountain lift | survey three cliff beacons,An eighth-and-one-half chime reveals a concealed sky station.,Lift access + XP,,TID-09 | BRD-09,VELTD712-01
VEL-02,A Map of Absences,zone,False,Velthraen Reach: The Missing Star,Velthraen Reach,31–38,Astromer Neris Sol,Align three star charts | name the missing constellation,The sky charts were altered when the mortal Keepers began passing themselves off as interpreters of the Old Gods.,Missing-Star Chart + XP,VEL-01,,VELTD712-02
VEL-03,The Skyborn Accord,zone,False,Velthraen Reach: The Missing Star,Velthraen Reach,31–38,Magister Leth Sen,Interview two order delegates | present one dissenting record,The Veylori designed a clause forbidding permanent ownership of the truth.,Veilbound favor + XP,VEL-02,,VELTD712-03
VEL-04,Windharps and Warnings,zone,False,Velthraen Reach: The Missing Star,Velthraen Reach,31–38,Glidewarden Ires,Tune four windharps | avoid a collapsing bridge pulse,The impending breach can be heard before it appears.,Windward Mantle + XP,VEL-03,,VELTD712-04
VEL-05,The Price of Prediction,zone,False,Velthraen Reach: The Missing Star,Velthraen Reach,31–38,Astromer Neris Sol,Review a prophecy board | reject one false certainty,The alleged prophecy of apocalypse is a projected memory of an earlier choice.,Lens Upgrade + XP,VEL-04,,VELTD712-05
VEL-06,The Court Among Clouds,zone,False,Velthraen Reach: The Missing Star,Velthraen Reach,31–38,Keeper Sen Arlo,Infiltrate an eyrie vault | retrieve two stolen resonance lenses,Court scholars have gathered enough to imitate one Accord station.,Vault Records + XP,VEL-05,,VELTD712-06
VEL-07,The Unseen Ninth,zone,False,Velthraen Reach: The Missing Star,Velthraen Reach,31–38,Sister Vale,Visit the hidden observatory | read its last keeper inscription,The Accord was signed by nine living keepers; the existence and will of the older Nine remain unresolved.,Witness Inscription + XP,VEL-06,,VELTD712-01
VEL-08,Who Gets to Publish,zone,False,Velthraen Reach: The Missing Star,Velthraen Reach,31–38,Magister Leth Sen,Host an open hearing | protect dissenters from three echo attacks,Truth must remain discussable; public spectacle must not become coercion.,Council Standing + XP,VEL-07,,VELTD712-02
VEL-09,A Signal Toward Emberstone,zone,False,Velthraen Reach: The Missing Star,Velthraen Reach,31–38,Astromer Neris Sol,Activate two light relays | send a warning to Emberstone Bastion,A new machine is being assembled in the Bastion's old bell foundry.,Velthraen arc flag + XP,VEL-08,,VELTD712-03
BAS-01,Gates of the Forge,zone,False,Emberstone Bastion: The Engine of Mercy,Emberstone Bastion,38–45,Marshal Oren Flint,Speak to the Bastion wardens | clear three blocked supply points,The city is refusing passage to refugees in the name of protection.,Bastion Permit + XP,VEL-09,,EMBEECE4-01
BAS-02,Hammer and Witness,zone,False,Emberstone Bastion: The Engine of Mercy,Emberstone Bastion,38–45,Mason Yurra Flint-Eye,Inspect the central forge | gather three damaged resonance bolts,A stolen Accord engine is being rebuilt by honest workers under false orders.,Forge Blueprint + XP,BAS-01,,EMBEECE4-02
BAS-03,The Warden's Ultimatum,zone,False,Emberstone Bastion: The Engine of Mercy,Emberstone Bastion,38–45,Regent Nala Vorn,Choose to share evidence with the union or council first | meet the other afterward,Both sides fear losing the jobs that feed the city.,Union and Council trust + XP,BAS-02,,EMBEECE4-03
BAS-04,A Chain of Names,zone,False,Emberstone Bastion: The Engine of Mercy,Emberstone Bastion,38–45,Sister Vale,Free three captive echoes from power conduits | stabilize the furnace,The engine burns unspoken memories as fuel.,Resonant Breaker + XP,BAS-03,,EMBEECE4-04
BAS-05,The Woman Who Hired Them,zone,False,Emberstone Bastion: The Engine of Mercy,Emberstone Bastion,38–45,Quartermaster Dren,Read Mareth's contracts | interview two workers who believed her promise,Mareth has promised to return erased families rather than conquer the Bastion.,Contracts + XP,BAS-04,,EMBEECE4-05
BAS-06,No More Volunteers,zone,False,Emberstone Bastion: The Engine of Mercy,Emberstone Bastion,38–45,Marshal Oren Flint,Rescue two workers trapped in a test cell | disable the consent override,A voluntary sacrifice becomes coercive when a rescuer locks the door.,Guardian Crest + XP,BAS-05,,EMBEECE4-06
BAS-07,The Furnace Witness,zone,False,Emberstone Bastion: The Engine of Mercy,Emberstone Bastion,38–45,Mira the Forgekeeper,Activate three emergency vents | face the Bellforged Sentinel,The sentinel protects a testimony coil that names early Accord signatories.,Forged Testimony + XP,BAS-06,,EMBEECE4-01
BAS-08,Mareth at the Crucible,zone,False,Emberstone Bastion: The Engine of Mercy,Emberstone Bastion,38–45,Regent Mareth Sable,Confront Mareth | listen to Eda's recording | refuse her forced activation,Mareth admits she can recover her daughter only by taking thousands of others.,Mareth's Statement + XP,BAS-07,,EMBEECE4-02
BAS-09,The Cost Written Down,zone,False,Emberstone Bastion: The Engine of Mercy,Emberstone Bastion,38–45,Mason Yurra Flint-Eye,Place a full public list of costs in the forge | travel to Glassmere,The Court escapes with the last lens but its central falsehood is exposed.,Bastion arc flag + XP,BAS-08,,EMBEECE4-03
GLA-01,An Archive of Empty Books,zone,False,Glassmere Archive: The Mirror Does Not Lie,Glassmere Archive,45–52,Curator Ossa,Find three books with blank titles | read their paper grains,The missing years are stored as pressure in the archive walls.,Catalog Key + XP,BAS-09,,GLASA846-01
GLA-02,The Woman in the Margin,zone,False,Glassmere Archive: The Mirror Does Not Lie,Glassmere Archive,45–52,Sister Vale,Search two marginalia trails | compare Vale's handwriting to an old Court transcript,"Vale helped design the first Court receiver, then fled when used against mourners.",Vale Confession + XP,GLA-01,,GLASA846-02
GLA-03,A City in a Mirror,zone,False,Glassmere Archive: The Mirror Does Not Lie,Glassmere Archive,45–52,Magister Leth Sen,Align three mirror stations | enter a playable reconstruction of the vanished ward,The missing district was not destroyed; its witnesses were forcibly severed from recollection.,Mirror Key + XP,GLA-02,,GLASA846-03
GLA-04,The Consent That Never Was,zone,False,Glassmere Archive: The Mirror Does Not Lie,Glassmere Archive,45–52,Curator Ossa,Hear the testimony of two signatories | reveal the altered consent clause,The original Accord allowed people to withdraw from the pact; that clause was deleted.,Unaltered Accord + XP,GLA-03,,GLASA846-04
GLA-05,Eda Speaks,zone,False,Glassmere Archive: The Mirror Does Not Lie,Glassmere Archive,45–52,Eda Sable (Echo),Ask Eda three questions | leave one question unanswered when she refuses,Eda is not Mareth's possession; she wants the missing people to choose for themselves.,Eda's Wish + XP,GLA-04,,GLASA846-05
GLA-06,The Archivist's Trial,zone,False,Glassmere Archive: The Mirror Does Not Lie,Glassmere Archive,45–52,Sister Vale,Defend the archive from three Court incursions | publicly confess the experiment,Vale offers evidence rather than requesting automatic forgiveness.,Truthkeeper Sigil + XP,GLA-05,,GLASA846-06
GLA-07,The Mirror Accords,zone,False,Glassmere Archive: The Mirror Does Not Lie,Glassmere Archive,45–52,Magister Leth Sen,Reconstruct the nine clauses | compare them to four cultural witnesses,Only a council of living and surviving echoes can legitimately rewrite the breach rules.,Accord Draft + XP,GLA-06,,GLASA846-01
GLA-08,Doors Without Chains,zone,False,Glassmere Archive: The Mirror Does Not Lie,Glassmere Archive,45–52,Keeper Sen Arlo,Open two prisoner records | release their names without revealing their private confessions,Public accountability and personal privacy must coexist.,Privacy Oath + XP,GLA-07,,GLASA846-02
GLA-09,The Last Page Has No Author,zone,False,Glassmere Archive: The Mirror Does Not Lie,Glassmere Archive,45–52,Curator Ossa,Take the missing last page | begin the ascent to the Ninth Veil,The final instruction is written as a question: “Who will witness the witness?”,Glassmere arc flag + XP,GLA-08,,GLASA846-03
VEI-01,A Threshold Without a Key,zone,False,The Ninth Veil: The Witnesses Assemble,The Ninth Veil,52–60,Sister Vale,Bring four consent tokens | open the gate without sacrificing a companion,"The station was built for agreement, not brute force.",Veil travel flag + XP,GLA-09,,THEN5FC1-01
VEI-02,The Eight Who Remained,zone,False,The Ninth Veil: The Witnesses Assemble,The Ninth Veil,52–60,Magister Leth Sen,Visit four witness echoes | complete their nonviolent tests,Each clause addresses a failure of the original keepers.,Four Echo Marks + XP,VEI-01,,THEN5FC1-02
VEI-03,The Silence We Inherited,zone,False,The Ninth Veil: The Witnesses Assemble,The Ninth Veil,52–60,Keeper Sen Arlo,Follow an invisible causeway | read the hidden Ninth inscription,Silence protected the vulnerable until leaders used it to hide guilt.,Silence Mark + XP,VEI-02,,THEN5FC1-03
VEI-04,Mareth's Grief,zone,False,The Ninth Veil: The Witnesses Assemble,The Ninth Veil,52–60,Regent Mareth Sable,Witness the day Eda disappeared | resist the demand to rewrite the scene,"The catastrophe hurt real people, and neither romanticizing it nor erasing it heals them.",Mareth Memory + XP,VEI-03,,THEN5FC1-04
VEI-05,Eda's Choice,zone,False,The Ninth Veil: The Witnesses Assemble,The Ninth Veil,52–60,Eda Sable (Echo),Bring Eda a free testimony form | listen to her decision,Eda wishes to exist as a witness if that is possible without consuming another life.,Eda Choice Flag + XP,VEI-04,,THEN5FC1-05
VEI-06,The Trial of Nine Voices,zone,False,The Ninth Veil: The Witnesses Assemble,The Ninth Veil,52–60,The Ninth Witness,Complete nine short witness checks | have every people represented by player or NPC surrogate,The Accord can be renewed as a federation of freely chosen vows.,Accord Seal + XP,VEI-05,,THEN5FC1-06
VEI-07,The Court's Last Engine,zone,False,The Ninth Veil: The Witnesses Assemble,The Ninth Veil,52–60,Marshal Oren Flint,Disable three siphons | defeat the Memory Engine manifestation,The echo tide becomes survivable when freed from a single controlling apparatus.,Endgame gear + XP,VEI-06,,THEN5FC1-01
VEI-08,The Ninth Was Us,zone,False,The Ninth Veil: The Witnesses Assemble,The Ninth Veil,52–60,Sister Vale,Choose open witnessing or guarded stewardship as your public policy | confirm that no memory is forcibly erased,The ending preserves one canonical world state with two accountable community approaches.,Ending codex + Choice cosmetic,VEI-07,,THEN5FC1-02
VEI-09,Lanterns for the Unnamed,zone,False,The Ninth Veil: The Witnesses Assemble,The Ninth Veil,52–60,Gatekeeper Elric,Return to Lantern's Reach | add nine names to the memorial | attend the bell ceremony,The first season closes with the world changed but still imperfect and inhabitable.,Campaign complete + Season-one title,VEI-08,,THEN5FC1-03
DHC-01,The Unlit Vestibule,dungeon,False,Hollowcrypt: The Candle Warden,The Hollowcrypt,17–21,Sister Vale,Enter Hollowcrypt in story projection or tested 2–4-player instance | light three unclaimed candles,"The old index demands names, but never explains what it does with them.",Dungeon entrance flag + XP,Q008 | EQU-09,,THEHA2C9-01
DHC-02,The Pages Who Walk,dungeon,False,Hollowcrypt: The Candle Warden,The Hollowcrypt,17–21,Gatekeeper Elric,Defeat three inkbound archivists | recover two torn census strips,The strips name families erased when the town surrendered responsibility for them.,Index Fragment + XP,DHC-01,,THEHA2C9-02
DHC-03,The Candle Warden,dungeon,False,Hollowcrypt: The Candle Warden,The Hollowcrypt,17–21,The Candle Warden,Avoid three telegraphed sweeps | break the sigil ring | defeat the Candle Warden,"The Warden was created to protect witnesses from forcible interrogation, then given the opposite command.",Dungeon seal + equipment cache,DHC-02,,THEHA2C9-03
DHC-04,A Flame Returned,dungeon,False,Hollowcrypt: The Candle Warden,The Hollowcrypt,17–21,Sister Vale,Release two echo testimonies | restore the Warden's original command | exit safely,The dungeon proves a coerced defense can be repaired without obliterating its witness.,Candle Warden Codex + XP,DHC-03,,THEHA2C9-04
DSB-01,Beneath the Marsh Floor,dungeon,False,Drowned Bell: Choir Under the Water,Sorrowfen Sunken Chapel,23–27,Marsh Guide Pell,Open the pump gate | escort a wisp through the flooded stairs,Water carries the names of an entire displaced quarter.,Underwater route + XP,SOR-06,,SORRF6BC-01
DSB-02,The Mouth of the Mire,dungeon,False,Drowned Bell: Choir Under the Water,Sorrowfen Sunken Chapel,23–27,Reedkeeper Iona Sedge,Defeat two corrupted reed sentries | open three air pockets,A trapped spirit is singing a lullaby rather than a battle cry.,Wisp Chorus Piece + XP,DSB-01,,SORRF6BC-02
DSB-03,Choirmother Without Choir,dungeon,False,Drowned Bell: Choir Under the Water,Sorrowfen Sunken Chapel,23–27,Wisp Tender Kele,Disrupt the tethering chords | defeat the Choirmother projection,The boss was a caretaker repurposed as a power source.,Dungeon equipment + XP,DSB-02,,SORRF6BC-03
DSB-04,One Song for the Living,dungeon,False,Drowned Bell: Choir Under the Water,Sorrowfen Sunken Chapel,23–27,Reedkeeper Iona Sedge,Return the stolen melody to the memorial | open the dry escape path,Releasing the choir reduces hostility in the surface marsh.,Marsh faction reward + shortcut,DSB-03,,SORRF6BC-04
DRT-01,Door in the Trunk,dungeon,False,Root Archive: Orchard Below,Briarwild Deepgrove,29–33,Elder Fenna Rootwake,Unlock the root elevator | guide a living seed without crushing it,The orchard records communal promises and the people who contested them.,Root elevator + XP,BRD-06,,BRIA23C3-01
DRT-02,The Orchard That Counts,dungeon,False,Root Archive: Orchard Below,Briarwild Deepgrove,29–33,Grove Singer Ell,Solve three living glyph puzzles | protect a fragile witness branch,A former Keeper counted people as assets in a crisis.,Grove Codex + XP,DRT-01,,BRIA23C3-02
DRT-03,The Thorn Custodian,dungeon,False,Root Archive: Orchard Below,Briarwild Deepgrove,29–33,Tamsin the Ranger,Disable bellglass thorns | defeat the Thorn Custodian,"It attacks anyone carrying a false oath, including Court and council members.",Boss equipment + XP,DRT-02,,BRIA23C3-03
DRT-04,No Fruit for the Crown,dungeon,False,Root Archive: Orchard Below,Briarwild Deepgrove,29–33,Elder Fenna Rootwake,Plant the archive kernel in an open glade | escort it to daylight,The orchard will share records with all communities instead of one leader.,Root Archive Sigil + XP,DRT-03,,BRIA23C3-04
DBF-01,The Furnace Lock,dungeon,False,Bell Foundry: Engine of Mercy,Emberstone Bastion,43–48,Mira the Forgekeeper,Disable three pressure vents | protect trapped workers,A Court engine is running on the voices of imprisoned echoes.,Foundry key + XP,BAS-07,,EMBEECE4-01
DBF-02,The Uncounted Shift,dungeon,False,Bell Foundry: Engine of Mercy,Emberstone Bastion,43–48,Mason Yurra Flint-Eye,Free two echo-workers | recover the original safety order,The first keepers knew the engine could not be operated ethically at scale.,Worker testimony + XP,DBF-01,,EMBEECE4-02
DBF-03,The Bellforged Sentinel,dungeon,False,Bell Foundry: Engine of Mercy,Emberstone Bastion,43–48,Marshal Oren Flint,Defeat the sentinel using clear interrupt and safe-zone signals,"A broken command, not malice, drives the sentinel.",Boss equipment + XP,DBF-02,,EMBEECE4-03
DBF-04,An Engine Without a Master,dungeon,False,Bell Foundry: Engine of Mercy,Emberstone Bastion,43–48,Sister Vale,Shut down the central siphon | rescue two living engineers,Disabling the machine proves rescue can be attempted without sacrificing bystanders.,Foundry Seal + XP,DBF-03,,EMBEECE4-04
DMR-01,The Reflecting Stair,dungeon,False,Mirror Hall: The Unwritten Room,Glassmere Archive,50–55,Curator Ossa,Align three mirrors | prevent a memory loop from closing,The stairs turn guilt into repetition until someone names the act honestly.,Mirror entrance + XP,GLA-06,,GLASA846-01
DMR-02,The Double That Denies,dungeon,False,Mirror Hall: The Unwritten Room,Glassmere Archive,50–55,Sister Vale,Challenge two reflected testimonies | choose the truthful sequence,Each party member confronts an omission from their origin.,Mirror witness + XP,DMR-01,,GLASA846-02
DMR-03,Curator Without a Face,dungeon,False,Mirror Hall: The Unwritten Room,Glassmere Archive,50–55,Curator Ossa,Defeat the Faceless Cataloguer | keep the archive lamps lit,The Cataloguer hid evidence to spare its authors exposure.,Boss equipment + XP,DMR-02,,GLASA846-03
DMR-04,The Unredacted Page,dungeon,False,Mirror Hall: The Unwritten Room,Glassmere Archive,50–55,Magister Leth Sen,Carry the unaltered Ninth clause from the mirror hall,The final Accord cannot be signed in the absence of those affected.,Ninth clause + XP,DMR-03,,GLASA846-04
RAC-01,The Gathering of Delegates,dungeon,False,Season-One Finale: Assembly of the Ninth,Ninth Veil Assembly,60,Magister Leth Sen,Invite six living delegations and three echo delegates | confirm consent,"A raid encounter begins as an assembly, not a conquest.",Assembly Banner + XP,VEI-09,,THEN5FC1-01
RAC-02,"Nine Seats, None a Throne",dungeon,False,Season-One Finale: Assembly of the Ninth,Ninth Veil Assembly,60,The Ninth Witness,Complete nine coordinated station mechanics | never assign one player permanent control,Power is distributed by design.,Witness Star + XP,RAC-01,,THEN5FC1-02
RAC-03,Against the Memory Engine,dungeon,False,Season-One Finale: Assembly of the Ninth,Ninth Veil Assembly,60,Regent Mareth Sable,"Fight the unleashed Memory Engine through three phases: siphons, echo tide, arbitration",Mareth aids its shutdown after realizing her daughter refuses coerced return.,Boss loot + Season-one achievement,RAC-02,,THEN5FC1-03
RAC-04,The Hearing After Victory,dungeon,False,Season-One Finale: Assembly of the Ninth,Ninth Veil Assembly,60,Sister Vale,Listen to three victims | record public restitution promises,Saving the world does not erase the guilt of past rulers or absolve Mareth.,Ending banner cosmetic + Codex,RAC-03,,THEN5FC1-04
RAC-05,The Bell at First Light,dungeon,False,Season-One Finale: Assembly of the Ninth,Ninth Veil Assembly,60,Gatekeeper Elric,Attend the open remembrance ceremony | choose a commemorative crest,The Nine now means a civic promise made and remade by the living.,Season-one epilogue unlock,RAC-04,,THEN5FC1-05
SLN-01,Bread Before Prophecy,side,True,Lantern's Reach: Ordinary Lives,Lantern's Reach,6–12,Quartermaster Dren,Deliver three loaves to workers | learn their names,Every epic campaign must show who survives between battles.,Coins + City favor,,,LANT1E2B-01
SLN-02,A Tavern Full of Rumors,side,True,Lantern's Reach: Ordinary Lives,Lantern's Reach,6–12,Innkeeper Maela,Hear three conflicting rumors | record uncertainty rather than choose a false certainty,The tavern becomes a repeatable rumor hub after completion.,Rumor board unlock,SLN-01,,LANT1E2B-02
SBR-01,A Child's Bell,side,True,Briarwild: Voices of the Grove,Briarwild,10–19,Grove Singer Ell,Locate a missing toy bell | ask the child whether it may be kept in the archive,Even a small object is not automatically communal property.,Grove favor,,,BRIA78C9-01
SBR-02,The Safe Wolf,side,True,Briarwild: Voices of the Grove,Briarwild,10–19,Tamsin the Ranger,Treat a snared wolf | remove two bellglass traps,The player can solve a wildlife threat without a kill quest.,Nature craft material,SBR-01,,BRIA78C9-02
SEQ-01,A Miner's Lunch,side,True,Emberstone: Worker Stories,Emberstone Quarry,13–19,Mason Yurra Flint-Eye,Cook three hearty meals | deliver them during shift change,Work crews speak more honestly outside council chambers.,Cooking XP,,,EMBE2DE0-01
SEQ-02,The Apprentice's Signature,side,True,Emberstone: Worker Stories,Emberstone Quarry,13–19,Quarry Foreman Kiv,Locate an apprentice's contract | help correct two false time entries,A signature without understanding should never bind another life.,Forge favor,SEQ-01,,EMBE2DE0-02
SSF-01,Lanterns Without Chains,side,True,Sorrowfen: The Wisp Keeper,Sorrowfen,18–25,Wisp Tender Kele,Build two open-sided memorial lanterns | release two wisps,Not every spirit must be bound to be guided.,Wisp lantern decorative,,,SORRF6BC-01
SSF-02,A Reed for Every Door,side,True,Sorrowfen: The Wisp Keeper,Sorrowfen,18–25,Reedkeeper Iona Sedge,Gather four reeds | weave two neighbor markers,Marsh villages survive by recording whose help they need.,Reedwoven cloak,SSF-01,,SORRF6BC-02
STD-01,Fish for the Returning,side,True,Tideglass: Small Harbors,Tideglass Coast,25–32,Netmaker Sari,Catch three fish | prepare a feast for survivors,"Not every sailor makes it back, and survivors need ordinary care.",Fishing XP,,,TIDE37C7-01
STD-02,The Lighthouse Apprentice,side,True,Tideglass: Small Harbors,Tideglass Coast,25–32,Shellkeeper Ruun,Show a novice how to tend two lenses,Maintenance becomes a social encounter rather than just a button press.,Lighthouse favor,STD-01,,TIDE37C7-02
SBD-01,The Tree That Needed Space,side,True,Briarwild Deepgrove: Living Paths,Briarwild Deepgrove,25–32,Elder Fenna Rootwake,Move two roots away from the road | grow a footbridge,The forest and travelers can negotiate instead of one overruling the other.,Shortcut access,,,BRIA23C3-01
SBD-02,The Old Gardener's Regret,side,True,Briarwild Deepgrove: Living Paths,Briarwild Deepgrove,25–32,Grove Singer Ell,Find one lost trowel | return it without publishing its owner's private confession,Remembrance can allow privacy.,Seed bank access,SBD-01,,BRIA23C3-02
SVR-01,Festival of Unfinished Songs,side,True,Velthraen: The Windharp Festival,Velthraen Reach,32–39,Star Reader Otho,Tune four windharps | perform an incomplete tune,Dissent and unfinished work are part of the region's identity.,Emote: Windharp,,,VELTD712-01
SVR-02,The Apprentice Atlas,side,True,Velthraen: The Windharp Festival,Velthraen Reach,32–39,Glidewarden Ires,Show two new scouts the safe routes | reject a dangerous shortcut,Paths should be judged by who can traverse them.,Atlas cosmetic,SVR-01,,VELTD712-02
SBF-01,A Seat at the Table,side,True,Emberstone Bastion: The Union Table,Emberstone Bastion,39–46,Regent Nala Vorn,Speak with three laborers and one councilor | record each demand,Competing interests become specific human stakes.,Guild favor,,,EMBEECE4-01
SBF-02,The Shift Ends Here,side,True,Emberstone Bastion: The Union Table,Emberstone Bastion,39–46,Mason Yurra Flint-Eye,Repair two safety vents | escort three workers home,The city can replace an extractive system without abandoning its people.,Safety emblem cosmetic,SBF-01,,EMBEECE4-02
SGA-01,The Borrowed Diary,side,True,Glassmere: Private Histories,Glassmere Archive,46–53,Curator Ossa,Find one diary | ask permission before quoting from it,Not all memories belong in a public archive.,Archive favor,,,GLASA846-01
SGA-02,A Letter Never Sent,side,True,Glassmere: Private Histories,Glassmere Archive,46–53,Keeper Sen Arlo,Deliver a sealed letter to its named recipient | do not read it,The player learns to preserve another person's private ending.,Private correspondence tab,SGA-01,,GLASA846-02
SVI-01,Stones That Stay,side,True,Ninth Veil: The Work After,The Ninth Veil,55–60,Magister Leth Sen,Repair three waystones | let citizens choose inscriptions,Restitution requires ongoing labor and shared authority.,Civic reputation,,,THEN5FC1-01
SVI-02,A Place for the Unnamed,side,True,Ninth Veil: The Work After,The Ninth Veil,55–60,Gatekeeper Elric,Light nine memorial lamps | leave one empty for those who decline recognition,The silence of a survivor can be respected rather than erased.,Remembrance housing item,SVI-01,,THEN5FC1-02
PRM-01,An Honest Strike,profession,True,Prospector’s Ledger,Emberstone Quarry,12–20,Mason Yurra Flint-Eye,Survey three safe copper seams,Prospecting starts by identifying safe rock rather than chasing rare ore.,Profession XP + materials + reputation,,,EMBE2DE0-01
PRM-02,The Bent Pick,profession,True,Prospector’s Ledger,Emberstone Quarry,12–20,Mason Yurra Flint-Eye,Repair a novice miner’s damaged pick,"Tool durability is a question of safety, not just expense.",Profession XP + materials + reputation,PRM-01,,EMBE2DE0-02
PRM-03,The Dust in the Lantern,profession,True,Prospector’s Ledger,Emberstone Quarry,12–20,Mason Yurra Flint-Eye,Collect dust samples without entering the sealed shaft,The bellglass dust sings even when the source is out of sight.,Profession XP + materials + reputation,PRM-02,,EMBE2DE0-03
PRM-04,Three Witness Marks,profession,True,Prospector’s Ledger,Emberstone Quarry,12–20,Mason Yurra Flint-Eye,Photograph or sketch three old chisel inscriptions,The erased crew marked the route to their air shaft.,Profession XP + materials + reputation,PRM-03,,EMBE2DE0-04
PRM-05,An Unpaid Shift,profession,True,Prospector’s Ledger,Emberstone Quarry,12–20,Mason Yurra Flint-Eye,Bring six meal parcels to the union hall,Families still leave food for miners missing from the official roll.,Profession XP + materials + reputation,PRM-04,,EMBE2DE0-05
PRM-06,The Careful Blast,profession,True,Prospector’s Ledger,Emberstone Quarry,12–20,Mason Yurra Flint-Eye,Set warnings and evacuate NPC workers before clearing rubble,A foreman’s old blasting code prioritized shipments over lives.,Profession XP + materials + reputation,PRM-05,,EMBE2DE0-06
PRM-07,Cart of Ordinary Stone,profession,True,Prospector’s Ledger,Emberstone Quarry,12–20,Mason Yurra Flint-Eye,Escort a lawful ore cart to the lower forge,The forge can function without harvesting human testimony.,Profession XP + materials + reputation,PRM-06,,EMBE2DE0-01
PRM-08,What the Quarry Owes,profession,True,Prospector’s Ledger,Emberstone Quarry,12–20,Mason Yurra Flint-Eye,Choose a worker representative to receive safety records,Worker councils will inspect all future bellglass contracts.,Profession XP + materials + reputation,PRM-07,,EMBE2DE0-02
PRM-09,The Open Shaft Register,profession,True,Prospector’s Ledger,Emberstone Quarry,12–20,Mason Yurra Flint-Eye,Publish safe seams and mark forbidden ones on the public map,Knowledge shared openly becomes an economic tool for everyone.,Profession XP + materials + reputation,PRM-08,,EMBE2DE0-03
PRW-01,Fallen Not Felled,profession,True,Woodland Stewardship,Briarwild,7–19,Elder Fenna Rootwake,Harvest only wind-fallen branches,Living root tunnels protect the glade from flood.,Profession XP + materials + reputation,,,BRIA78C9-01
PRW-02,Bark Has Memory,profession,True,Woodland Stewardship,Briarwild,7–19,Elder Fenna Rootwake,Identify four tree species by bark and leaf,The oldest grove holds a map of forgotten migration.,Profession XP + materials + reputation,PRW-01,,BRIA78C9-02
PRW-03,The Forester’s Axe,profession,True,Woodland Stewardship,Briarwild,7–19,Elder Fenna Rootwake,Repair a woodcutter’s chipped axe,Resource gathering needs care and steady tools.,Profession XP + materials + reputation,PRW-02,,BRIA78C9-03
PRW-04,Where Sap Runs Blue,profession,True,Woodland Stewardship,Briarwild,7–19,Elder Fenna Rootwake,Inspect a tree wounded by glass wire,Bellglass resonance is spreading through lumber routes.,Profession XP + materials + reputation,PRW-03,,BRIA78C9-04
PRW-05,A Home for the Owls,profession,True,Woodland Stewardship,Briarwild,7–19,Elder Fenna Rootwake,Build three nesting frames outside the logging area,Displaced animals are fleeing the ringing traps.,Profession XP + materials + reputation,PRW-04,,BRIA78C9-05
PRW-06,Bridge of Split Cedar,profession,True,Woodland Stewardship,Briarwild,7–19,Elder Fenna Rootwake,Gather materials for a safe footbridge,A shortcut is useful only when strangers can trust it.,Profession XP + materials + reputation,PRW-05,,BRIA78C9-06
PRW-07,Replant the Abandoned Road,profession,True,Woodland Stewardship,Briarwild,7–19,Elder Fenna Rootwake,Place saplings beside the old village path,Tree roots are identifying an erased road.,Profession XP + materials + reputation,PRW-06,,BRIA78C9-01
PRW-08,The Winter Woodlot,profession,True,Woodland Stewardship,Briarwild,7–19,Elder Fenna Rootwake,Set a gathering quota after speaking with three households,"Sustainability is a political choice, not merely a skill bar.",Profession XP + materials + reputation,PRW-07,,BRIA78C9-02
PRW-09,Keepers of the Green Mark,profession,True,Woodland Stewardship,Briarwild,7–19,Elder Fenna Rootwake,Train an NPC gatherer and turn in the growth map,The grove permits continued woodcutting under shared stewardship.,Profession XP + materials + reputation,PRW-08,,BRIA78C9-03
PRF-01,The River’s First Catch,profession,True,River and Tide,Tideglass Coast,24–32,Pilot Sena Wavebound,Catch three river fish without netting spawning beds,A careful fisher leaves enough for spring.,Profession XP + materials + reputation,,,TIDE37C7-01
PRF-02,Salt on the Line,profession,True,River and Tide,Tideglass Coast,24–32,Pilot Sena Wavebound,Repair the breakwater’s fishing nets,An abandoned boat carried a signal from the lost fleet.,Profession XP + materials + reputation,PRF-01,,TIDE37C7-02
PRF-03,Weather Before Bait,profession,True,River and Tide,Tideglass Coast,24–32,Pilot Sena Wavebound,Read three tide gauges before sailing,Current patterns bend toward a harbor not on maps.,Profession XP + materials + reputation,PRF-02,,TIDE37C7-03
PRF-04,The Shimmering Shoal,profession,True,River and Tide,Tideglass Coast,24–32,Pilot Sena Wavebound,Photograph an unusual silver school of fish,The fish travel across an impossible inland current.,Profession XP + materials + reputation,PRF-03,,TIDE37C7-04
PRF-05,A Meal for Travelers,profession,True,River and Tide,Tideglass Coast,24–32,Pilot Sena Wavebound,Cook and distribute four safe portions,Fishing is also a supply network for refugees.,Profession XP + materials + reputation,PRF-04,,TIDE37C7-05
PRF-06,The Deepwater Hook,profession,True,River and Tide,Tideglass Coast,24–32,Pilot Sena Wavebound,Recover a lost hook from the harbor bottom,The hook belonged to a boat erased from the register.,Profession XP + materials + reputation,PRF-05,,TIDE37C7-06
PRF-07,Lighthouse Sounding,profession,True,River and Tide,Tideglass Coast,24–32,Pilot Sena Wavebound,Use a shell to mark safe channels,The song must point to exits as well as arrivals.,Profession XP + materials + reputation,PRF-06,,TIDE37C7-01
PRF-08,An Honest Market Price,profession,True,River and Tide,Tideglass Coast,24–32,Pilot Sena Wavebound,Audit a fish merchant’s scales and receipts,A vanished supplier is still owed wages.,Profession XP + materials + reputation,PRF-07,,TIDE37C7-02
PRF-09,The Tide’s Permission,profession,True,River and Tide,Tideglass Coast,24–32,Pilot Sena Wavebound,Offer the recovered log to the harbor council,The harbor chooses which names are publicly displayed.,Profession XP + materials + reputation,PRF-08,,TIDE37C7-03
PRS-01,Coals Before Steel,profession,True,The Blacksmith’s Oath,Emberstone Bastion,38–48,Mira the Forgekeeper,Light a forge and cool a blade correctly,Correct heat protects the next person who holds the weapon.,Profession XP + materials + reputation,,,EMBEECE4-01
PRS-02,The Worn Rivet,profession,True,The Blacksmith’s Oath,Emberstone Bastion,38–48,Mira the Forgekeeper,Replace buckles on working armor,Workers’ gear has been allowed to fail to cut costs.,Profession XP + materials + reputation,PRS-01,,EMBEECE4-02
PRS-03,A Fair Measure,profession,True,The Blacksmith’s Oath,Emberstone Bastion,38–48,Mira the Forgekeeper,Compare three ingots against a public standard,The guild’s premium metal uses undocumented bellglass.,Profession XP + materials + reputation,PRS-02,,EMBEECE4-03
PRS-04,Hammer Song,profession,True,The Blacksmith’s Oath,Emberstone Bastion,38–48,Mira the Forgekeeper,Craft a practice blade using ordinary ore,Metal can hold purpose without holding stolen memory.,Profession XP + materials + reputation,PRS-03,,EMBEECE4-04
PRS-05,The Helmet for a Stranger,profession,True,The Blacksmith’s Oath,Emberstone Bastion,38–48,Mira the Forgekeeper,Forge a helm for an unnamed volunteer,Aid should not depend on papers or pedigree.,Profession XP + materials + reputation,PRS-04,,EMBEECE4-05
PRS-06,A Cracked Guild Seal,profession,True,The Blacksmith’s Oath,Emberstone Bastion,38–48,Mira the Forgekeeper,Inspect a defective trade stamp,The old guild hid losses in favorable ledgers.,Profession XP + materials + reputation,PRS-05,,EMBEECE4-06
PRS-07,The Night of Cold Forges,profession,True,The Blacksmith’s Oath,Emberstone Bastion,38–48,Mira the Forgekeeper,Help transition a quarter to safe older furnaces,The city can endure less power while reforming its economy.,Profession XP + materials + reputation,PRS-06,,EMBEECE4-01
PRS-08,Tools of Witness,profession,True,The Blacksmith’s Oath,Emberstone Bastion,38–48,Mira the Forgekeeper,Craft three simple chisels for public memorial workers,Every witness can leave a durable mark.,Profession XP + materials + reputation,PRS-07,,EMBEECE4-02
PRS-09,The Maker’s Signature,profession,True,The Blacksmith’s Oath,Emberstone Bastion,38–48,Mira the Forgekeeper,Sign the community forge charter,A master smith accepts public scrutiny of their tools.,Profession XP + materials + reputation,PRS-08,,EMBEECE4-03
PRA-01,Moonpetal at Dawn,profession,True,Apothecary of Reeds,Sorrowfen,20–31,Reedkeeper Iona Sedge,Collect herbs without uprooting living beds,Several remedies grow near safe wisp paths.,Profession XP + materials + reputation,,,SORRF6BC-01
PRA-02,The Clean Flask,profession,True,Apothecary of Reeds,Sorrowfen,20–31,Reedkeeper Iona Sedge,Sanitize equipment at the refuge,"Healing requires patient repetition, not rare spectacle.",Profession XP + materials + reputation,PRA-01,,SORRF6BC-02
PRA-03,"False Cure, Real Need",profession,True,Apothecary of Reeds,Sorrowfen,20–31,Reedkeeper Iona Sedge,Compare ingredients in a peddler’s tonic,A merchant sells bottled whispers as medicine.,Profession XP + materials + reputation,PRA-02,,SORRF6BC-03
PRA-04,A Remedy for Fog Fever,profession,True,Apothecary of Reeds,Sorrowfen,20–31,Reedkeeper Iona Sedge,Prepare a harmless demonstration infusion,Rest and safe water matter more than magical promises.,Profession XP + materials + reputation,PRA-03,,SORRF6BC-04
PRA-05,The Toxic Bank,profession,True,Apothecary of Reeds,Sorrowfen,20–31,Reedkeeper Iona Sedge,Identify contaminated reeds near an engine outflow,Bellglass waste is affecting the marsh.,Profession XP + materials + reputation,PRA-04,,SORRF6BC-05
PRA-06,Two Cups of Tea,profession,True,Apothecary of Reeds,Sorrowfen,20–31,Reedkeeper Iona Sedge,Deliver comfort supplies and listen to mourners,Not every grief requires a spell.,Profession XP + materials + reputation,PRA-05,,SORRF6BC-06
PRA-07,The Quiet Label,profession,True,Apothecary of Reeds,Sorrowfen,20–31,Reedkeeper Iona Sedge,Write accurate contraindication labels,Clear information prevents accidental harm.,Profession XP + materials + reputation,PRA-06,,SORRF6BC-01
PRA-08,A Ward Without a Cage,profession,True,Apothecary of Reeds,Sorrowfen,20–31,Reedkeeper Iona Sedge,Dispel a dangerous wisp trap without trapping the light,Protection is not the same thing as captivity.,Profession XP + materials + reputation,PRA-07,,SORRF6BC-02
PRA-09,The Refuge Dispensary,profession,True,Apothecary of Reeds,Sorrowfen,20–31,Reedkeeper Iona Sedge,Train the assistant and restock the public shelf,The marsh opens its first community-run apothecary.,Profession XP + materials + reputation,PRA-08,,SORRF6BC-03
CIV-01,The Street That Ended,community,True,The Missing Neighbors,Lantern Ward,2–13,Gatekeeper Elric,Inspect a lane with a missing house number,A ledger entry outlived the building it describes.,Local reputation + supplies + discovery XP,,,LANTF147-01
CIV-02,Soap at Number Eleven,community,True,The Missing Neighbors,Lantern Ward,2–13,Gatekeeper Elric,Help a family clean the wall after a storm,Old chalk drawings reveal the missing door.,Local reputation + supplies + discovery XP,CIV-01,,LANTF147-02
CIV-03,The Baker’s Second Receipt,community,True,The Missing Neighbors,Lantern Ward,2–13,Gatekeeper Elric,Find the duplicate delivery note,The note was signed by an unregistered child.,Local reputation + supplies + discovery XP,CIV-02,,LANTF147-03
CIV-04,Chairs at the Meeting,community,True,The Missing Neighbors,Lantern Ward,2–13,Gatekeeper Elric,Set fifteen chairs for a meeting of fourteen families,A seat appears for someone nobody can name.,Local reputation + supplies + discovery XP,CIV-03,,LANTF147-04
CIV-05,The Bell Pull,community,True,The Missing Neighbors,Lantern Ward,2–13,Gatekeeper Elric,Recover the brass handle without breaking the wall,The door was built to open from inside.,Local reputation + supplies + discovery XP,CIV-04,,LANTF147-05
CIV-06,A Window for the Waiting,community,True,The Missing Neighbors,Lantern Ward,2–13,Gatekeeper Elric,Hang a safe signal lamp beside the sealed brick,The echo recognizes help that cannot force it.,Local reputation + supplies + discovery XP,CIV-05,,LANTF147-06
CIV-07,Debts Without Names,community,True,The Missing Neighbors,Lantern Ward,2–13,Gatekeeper Elric,Compare merchant accounts for erased families,The missing households continued paying taxes.,Local reputation + supplies + discovery XP,CIV-06,,LANTF147-01
CIV-08,A Petition with Spaces,community,True,The Missing Neighbors,Lantern Ward,2–13,Gatekeeper Elric,Gather five signed witness statements,People are willing to record uncertainty publicly.,Local reputation + supplies + discovery XP,CIV-07,,LANTF147-02
CIV-09,Neighbors Count Again,community,True,The Missing Neighbors,Lantern Ward,2–13,Gatekeeper Elric,Read the petition before the town council,The council agrees to investigate without erasing the claim.,Local reputation + supplies + discovery XP,CIV-08,,LANTF147-03
CIW-01,Five Fingers in Soil,community,True,The Orchard’s Children,Rootwake Glade,3–14,Elder Fenna Rootwake,Observe the hand-shaped root without touching it,The root asks for water rather than blood.,Local reputation + supplies + discovery XP,,,ROOT2375-01
CIW-02,The Child’s Water Bowl,community,True,The Orchard’s Children,Rootwake Glade,3–14,Elder Fenna Rootwake,Carry clean water from the upper spring,One memory responds to kindness.,Local reputation + supplies + discovery XP,CIW-01,,ROOT2375-02
CIW-03,Lost Orchard Labels,community,True,The Orchard’s Children,Rootwake Glade,3–14,Elder Fenna Rootwake,Restore five broken tree plaques,A migration branch was deliberately omitted.,Local reputation + supplies + discovery XP,CIW-02,,ROOT2375-03
CIW-04,Thorns at School,community,True,The Orchard’s Children,Rootwake Glade,3–14,Elder Fenna Rootwake,Clear safe paths for children,Briarwolf traps lie beside the play area.,Local reputation + supplies + discovery XP,CIW-03,,ROOT2375-04
CIW-05,A Song Half Sung,community,True,The Orchard’s Children,Rootwake Glade,3–14,Elder Fenna Rootwake,Learn the first verse from a grove singer,The final verse names a vanished road.,Local reputation + supplies + discovery XP,CIW-04,,ROOT2375-05
CIW-06,A Boundary That Bends,community,True,The Orchard’s Children,Rootwake Glade,3–14,Elder Fenna Rootwake,Survey the orchard edge with two witnesses,The map changes if drawn by one hand alone.,Local reputation + supplies + discovery XP,CIW-05,,ROOT2375-06
CIW-07,The Frost Before Winter,community,True,The Orchard’s Children,Rootwake Glade,3–14,Elder Fenna Rootwake,Shield young trees from an impossible cold,Bellglass infection moves through the root network.,Local reputation + supplies + discovery XP,CIW-06,,ROOT2375-01
CIW-08,A Name Held Privately,community,True,The Orchard’s Children,Rootwake Glade,3–14,Elder Fenna Rootwake,Deliver a sealed note to Fenna,Care means sometimes keeping a witness hidden.,Local reputation + supplies + discovery XP,CIW-07,,ROOT2375-02
CIW-09,The Festival of Returning Leaves,community,True,The Orchard’s Children,Rootwake Glade,3–14,Elder Fenna Rootwake,Reopen the grove safely,The Thren celebrate questions without demanding answers.,Local reputation + supplies + discovery XP,CIW-08,,ROOT2375-03
CIS-01,One Extra Lunch Tin,community,True,The Miner’s Dinner,Emberstone Cradle,2–15,Mason Yurra Flint-Eye,Inventory lunch tins from the sealed shaft,An unclaimed tin remains warm.,Local reputation + supplies + discovery XP,,,EMBED524-01
CIS-02,A Shift Without Wages,community,True,The Miner’s Dinner,Emberstone Cradle,2–15,Mason Yurra Flint-Eye,Read the work board and find unpaid hours,The erased crew was never discharged.,Local reputation + supplies + discovery XP,CIS-01,,EMBED524-02
CIS-03,The Families at the Kiln,community,True,The Miner’s Dinner,Emberstone Cradle,2–15,Mason Yurra Flint-Eye,Speak with three households,Each recalls an older miner in dreams.,Local reputation + supplies + discovery XP,CIS-02,,EMBED524-03
CIS-04,A Quiet Air Shaft,community,True,The Miner’s Dinner,Emberstone Cradle,2–15,Mason Yurra Flint-Eye,Inspect vents for trapped voices,Old safety systems were sealed during an emergency.,Local reputation + supplies + discovery XP,CIS-03,,EMBED524-04
CIS-05,The Foreman’s Ink,community,True,The Miner’s Dinner,Emberstone Cradle,2–15,Mason Yurra Flint-Eye,Compare two signed notices,The official closure was fraudulent.,Local reputation + supplies + discovery XP,CIS-04,,EMBED524-05
CIS-06,Rations Before Contracts,community,True,The Miner’s Dinner,Emberstone Cradle,2–15,Mason Yurra Flint-Eye,Deliver food during a short safety strike,The community can organize outside the Guild.,Local reputation + supplies + discovery XP,CIS-05,,EMBED524-06
CIS-07,Stone Made Public,community,True,The Miner’s Dinner,Emberstone Cradle,2–15,Mason Yurra Flint-Eye,Help engrave six recovered names,Evidence is preserved even when painful.,Local reputation + supplies + discovery XP,CIS-06,,EMBED524-01
CIS-08,The Listening Wall Vigil,community,True,The Miner’s Dinner,Emberstone Cradle,2–15,Mason Yurra Flint-Eye,Stand watch as workers recount what they heard,The miners choose who witnesses the record.,Local reputation + supplies + discovery XP,CIS-07,,EMBED524-02
CIS-09,A Better Morning Shift,community,True,The Miner’s Dinner,Emberstone Cradle,2–15,Mason Yurra Flint-Eye,Post a new safety charter,The quarry changes management rather than fleeing responsibility.,Local reputation + supplies + discovery XP,CIS-08,,EMBED524-03
CIT-01,The Inland Beacon,community,True,A Fleet That Waits,Breakwater Strand,2–15,Pilot Sena Wavebound,Sketch the lighthouse’s impossible beam,Its light points to a vanished harbor.,Local reputation + supplies + discovery XP,,,BREA57E6-01
CIT-02,A Child’s Dry Shell,community,True,A Fleet That Waits,Breakwater Strand,2–15,Pilot Sena Wavebound,Carry a shell without opening its seal,A voice asks whether home still exists.,Local reputation + supplies + discovery XP,CIT-01,,BREA57E6-02
CIT-03,The Second Harbor Chart,community,True,A Fleet That Waits,Breakwater Strand,2–15,Pilot Sena Wavebound,Copy an incomplete coastline,An entire quay is missing from maps.,Local reputation + supplies + discovery XP,CIT-02,,BREA57E6-03
CIT-04,Sails Over Apples,community,True,A Fleet That Waits,Breakwater Strand,2–15,Pilot Sena Wavebound,Photograph the spectral fleet at dusk,"The ships are displaced, not drowned.",Local reputation + supplies + discovery XP,CIT-03,,BREA57E6-04
CIT-05,The Captain’s Oath,community,True,A Fleet That Waits,Breakwater Strand,2–15,Pilot Sena Wavebound,Find an original navigation verse,The old captains were promised safe return.,Local reputation + supplies + discovery XP,CIT-04,,BREA57E6-05
CIT-06,The Rope on the Hill,community,True,A Fleet That Waits,Breakwater Strand,2–15,Pilot Sena Wavebound,Recover a mooring line from dry land,The phantom port has material echoes.,Local reputation + supplies + discovery XP,CIT-05,,BREA57E6-06
CIT-07,Names the Tide Kept,community,True,A Fleet That Waits,Breakwater Strand,2–15,Pilot Sena Wavebound,Interview relatives privately,Memory recovery must protect survivors.,Local reputation + supplies + discovery XP,CIT-06,,BREA57E6-01
CIT-08,Sail Toward the Door,community,True,A Fleet That Waits,Breakwater Strand,2–15,Pilot Sena Wavebound,Mark a safe path to the lighthouse,The new route is open to everyone.,Local reputation + supplies + discovery XP,CIT-07,,BREA57E6-02
CIT-09,Watch the Sea Again,community,True,A Fleet That Waits,Breakwater Strand,2–15,Pilot Sena Wavebound,Restore the lantern seaward,Coastal navigation and old testimony can coexist.,Local reputation + supplies + discovery XP,CIT-08,,BREA57E6-03
CIR-01,One Loose Strand,community,True,The Reedhaven Vigil,Reedhaven Refuge,1–15,Reedkeeper Iona Sedge,Untangle an altered memorial braid,An unknown family name has returned.,Local reputation + supplies + discovery XP,,,REEDAE5C-01
CIR-02,The Unclaimed Cup,community,True,The Reedhaven Vigil,Reedhaven Refuge,1–15,Reedkeeper Iona Sedge,Prepare tea for a wandering mourner,Hospitality precedes investigation.,Local reputation + supplies + discovery XP,CIR-01,,REEDAE5C-02
CIR-03,Lights Without Jars,community,True,The Reedhaven Vigil,Reedhaven Refuge,1–15,Reedkeeper Iona Sedge,Observe wisps at a safe distance,The lights choose their own paths.,Local reputation + supplies + discovery XP,CIR-02,,REEDAE5C-03
CIR-04,The Old Ferry Post,community,True,The Reedhaven Vigil,Reedhaven Refuge,1–15,Reedkeeper Iona Sedge,Trace a missing evacuation route,A census boat stopped before the archive.,Local reputation + supplies + discovery XP,CIR-03,,REEDAE5C-04
CIR-05,Child of the Pool,community,True,The Reedhaven Vigil,Reedhaven Refuge,1–15,Reedkeeper Iona Sedge,Listen to a mother’s testimony,Her daughter has an unfinished record.,Local reputation + supplies + discovery XP,CIR-04,,REEDAE5C-05
CIR-06,Under the Boardwalk,community,True,The Reedhaven Vigil,Reedhaven Refuge,1–15,Reedkeeper Iona Sedge,Recover a bundled reed record,"The names were stored, not destroyed.",Local reputation + supplies + discovery XP,CIR-05,,REEDAE5C-06
CIR-07,Two Keys for One Box,community,True,The Reedhaven Vigil,Reedhaven Refuge,1–15,Reedkeeper Iona Sedge,Set up a two-witness privacy chest,Records can be kept without public exposure.,Local reputation + supplies + discovery XP,CIR-06,,REEDAE5C-01
CIR-08,The First Memorial Walk,community,True,The Reedhaven Vigil,Reedhaven Refuge,1–15,Reedkeeper Iona Sedge,Escort two grieving families safely,A path becomes a ritual of remembrance.,Local reputation + supplies + discovery XP,CIR-07,,REEDAE5C-02
CIR-09,Vigil Without a Cage,community,True,The Reedhaven Vigil,Reedhaven Refuge,1–15,Reedkeeper Iona Sedge,Leave the refuge lights unconfined,Reedbound consent practice becomes regional policy.,Local reputation + supplies + discovery XP,CIR-08,,REEDAE5C-03
CIVY-01,Eight Lights Above,community,True,The Sky That Forgot,Starfall Eyrie,1–14,Astromer Neris Sol,Chart the visible night stations,The brass chart insists there are nine.,Local reputation + supplies + discovery XP,,,STARC3FE-01
CIVY-02,A Lens with a Scratch,community,True,The Sky That Forgot,Starfall Eyrie,1–14,Astromer Neris Sol,Repair an old refractor,The flaw is deliberate and shaped like a door.,Local reputation + supplies + discovery XP,CIVY-01,,STARC3FE-02
CIVY-03,Harps in Crosswind,community,True,The Sky That Forgot,Starfall Eyrie,1–14,Astromer Neris Sol,Tune three windharps before the storm,Their notes echo the missing bell.,Local reputation + supplies + discovery XP,CIVY-02,,STARC3FE-03
CIVY-04,A Star Measured Twice,community,True,The Sky That Forgot,Starfall Eyrie,1–14,Astromer Neris Sol,Repeat observations with an independent witness,Evidence persists only when shared.,Local reputation + supplies + discovery XP,CIVY-03,,STARC3FE-04
CIVY-05,The Empty Coordinate,community,True,The Sky That Forgot,Starfall Eyrie,1–14,Astromer Neris Sol,Project the absent point onto stone,The ninth mark is a seat not a fixed star.,Local reputation + supplies + discovery XP,CIVY-04,,STARC3FE-05
CIVY-06,Bridge Beneath Cloud,community,True,The Sky That Forgot,Starfall Eyrie,1–14,Astromer Neris Sol,Guide travelers using the corrected lens,Safe passage requires open information.,Local reputation + supplies + discovery XP,CIVY-05,,STARC3FE-06
CIVY-07,The Unmarked Courier,community,True,The Sky That Forgot,Starfall Eyrie,1–14,Astromer Neris Sol,Challenge an identity checkpoint respectfully,The gate bars people the maps do not count.,Local reputation + supplies + discovery XP,CIVY-06,,STARC3FE-01
CIVY-08,Atlas with a Question,community,True,The Sky That Forgot,Starfall Eyrie,1–14,Astromer Neris Sol,Publish the revised constellation drawing,The observatory admits uncertainty.,Local reputation + supplies + discovery XP,CIVY-07,,STARC3FE-02
CIVY-09,A Festival of Nine Lamps,community,True,The Sky That Forgot,Starfall Eyrie,1–14,Astromer Neris Sol,Light the final lamp for absent voices,The eyrie celebrates humility as an act of knowledge.,Local reputation + supplies + discovery XP,CIVY-08,,STARC3FE-03
